system:index,date,ppt,tmean,.geo
196001,1960-01-01,100.7699966430664,5.474999904632568,"{""type"":""MultiPoint"",""coordinates"":[]}"
196002,1960-02-01,151.33999633789062,4.860000133514404,"{""type"":""MultiPoint"",""coordinates"":[]}"
196003,1960-03-01,135.77999877929688,3.125,"{""type"":""MultiPoint"",""coordinates"":[]}"
196004,1960-04-01,107.66999816894531,16.809999465942383,"{""type"":""MultiPoint"",""coordinates"":[]}"
196005,1960-05-01,125.68000030517578,18.81999969482422,"{""type"":""MultiPoint"",""coordinates"":[]}"
196006,1960-06-01,49.90999984741211,23.834999084472656,"{""type"":""MultiPoint"",""coordinates"":[]}"
196007,1960-07-01,163.41000366210938,24.645000457763672,"{""type"":""MultiPoint"",""coordinates"":[]}"
196008,1960-08-01,136.3300018310547,25.5,"{""type"":""MultiPoint"",""coordinates"":[]}"
196009,1960-09-01,82.94999694824219,21.459999084472656,"{""type"":""MultiPoint"",""coordinates"":[]}"
196010,1960-10-01,77.7300033569336,16.204999923706055,"{""type"":""MultiPoint"",""coordinates"":[]}"
196011,1960-11-01,23.8799991607666,10.49000072479248,"{""type"":""MultiPoint"",""coordinates"":[]}"
196012,1960-12-01,46.7400016784668,2.5450000762939453,"{""type"":""MultiPoint"",""coordinates"":[]}"
196101,1961-01-01,78.33999633789062,2.3299999237060547,"{""type"":""MultiPoint"",""coordinates"":[]}"
196102,1961-02-01,147.80999755859375,7.09499979019165,"{""type"":""MultiPoint"",""coordinates"":[]}"
196103,1961-03-01,113.75,11.725000381469727,"{""type"":""MultiPoint"",""coordinates"":[]}"
196104,1961-04-01,88.95999908447266,12.170000076293945,"{""type"":""MultiPoint"",""coordinates"":[]}"
196105,1961-05-01,116.25,17.834999084472656,"{""type"":""MultiPoint"",""coordinates"":[]}"
196106,1961-06-01,142.24000549316406,22.69499969482422,"{""type"":""MultiPoint"",""coordinates"":[]}"
196107,1961-07-01,86.88999938964844,25.05500030517578,"{""type"":""MultiPoint"",""coordinates"":[]}"
196108,1961-08-01,170.25999450683594,24.649999618530273,"{""type"":""MultiPoint"",""coordinates"":[]}"
196109,1961-09-01,18.469999313354492,22.8700008392334,"{""type"":""MultiPoint"",""coordinates"":[]}"
196110,1961-10-01,37.5,15.21500015258789,"{""type"":""MultiPoint"",""coordinates"":[]}"
196111,1961-11-01,56.47999954223633,11.559999465942383,"{""type"":""MultiPoint"",""coordinates"":[]}"
196112,1961-12-01,127.9800033569336,5.005000114440918,"{""type"":""MultiPoint"",""coordinates"":[]}"
196201,1962-01-01,164.8000030517578,3.7049999237060547,"{""type"":""MultiPoint"",""coordinates"":[]}"
196202,1962-02-01,86.13999938964844,6.574999809265137,"{""type"":""MultiPoint"",""coordinates"":[]}"
196203,1962-03-01,103.0199966430664,7.555000305175781,"{""type"":""MultiPoint"",""coordinates"":[]}"
196204,1962-04-01,128.67999267578125,13.970000267028809,"{""type"":""MultiPoint"",""coordinates"":[]}"
196205,1962-05-01,43.779998779296875,22.190000534057617,"{""type"":""MultiPoint"",""coordinates"":[]}"
196206,1962-06-01,171.58999633789062,22.895000457763672,"{""type"":""MultiPoint"",""coordinates"":[]}"
196207,1962-07-01,125.77999877929688,24.18000030517578,"{""type"":""MultiPoint"",""coordinates"":[]}"
196208,1962-08-01,109.83000183105469,24.15999984741211,"{""type"":""MultiPoint"",""coordinates"":[]}"
196209,1962-09-01,108.0199966430664,20.100000381469727,"{""type"":""MultiPoint"",""coordinates"":[]}"
196210,1962-10-01,26.760000228881836,16.814998626708984,"{""type"":""MultiPoint"",""coordinates"":[]}"
196211,1962-11-01,200.7899932861328,8.800000190734863,"{""type"":""MultiPoint"",""coordinates"":[]}"
196212,1962-12-01,80.62000274658203,3.419999837875366,"{""type"":""MultiPoint"",""coordinates"":[]}"
196301,1963-01-01,76.2699966430664,2.455000162124634,"{""type"":""MultiPoint"",""coordinates"":[]}"
196302,1963-02-01,98.3499984741211,2.0849997997283936,"{""type"":""MultiPoint"",""coordinates"":[]}"
196303,1963-03-01,112.1500015258789,11.579999923706055,"{""type"":""MultiPoint"",""coordinates"":[]}"
196304,1963-04-01,55.47999954223633,16.095001220703125,"{""type"":""MultiPoint"",""coordinates"":[]}"
196305,1963-05-01,80.62999725341797,18.954999923706055,"{""type"":""MultiPoint"",""coordinates"":[]}"
196306,1963-06-01,88.11000061035156,22.829999923706055,"{""type"":""MultiPoint"",""coordinates"":[]}"
196307,1963-07-01,132.5,24.575000762939453,"{""type"":""MultiPoint"",""coordinates"":[]}"
196308,1963-08-01,75.33000183105469,24.65999984741211,"{""type"":""MultiPoint"",""coordinates"":[]}"
196309,1963-09-01,117.36000061035156,19.885000228881836,"{""type"":""MultiPoint"",""coordinates"":[]}"
196310,1963-10-01,13.789999961853027,15.695000648498535,"{""type"":""MultiPoint"",""coordinates"":[]}"
196311,1963-11-01,176.1199951171875,10.50999927520752,"{""type"":""MultiPoint"",""coordinates"":[]}"
196312,1963-12-01,69.69999694824219,1.1449999809265137,"{""type"":""MultiPoint"",""coordinates"":[]}"
196401,1964-01-01,112.23999786376953,4.179999828338623,"{""type"":""MultiPoint"",""coordinates"":[]}"
196402,1964-02-01,131.13999938964844,3.999999761581421,"{""type"":""MultiPoint"",""coordinates"":[]}"
196403,1964-03-01,74.70999908447266,10.219999313354492,"{""type"":""MultiPoint"",""coordinates"":[]}"
196404,1964-04-01,99.30999755859375,15.055000305175781,"{""type"":""MultiPoint"",""coordinates"":[]}"
196405,1964-05-01,42.459999084472656,19.599998474121094,"{""type"":""MultiPoint"",""coordinates"":[]}"
196406,1964-06-01,83.76000213623047,24.115001678466797,"{""type"":""MultiPoint"",""coordinates"":[]}"
196407,1964-07-01,122.01000213623047,24.310001373291016,"{""type"":""MultiPoint"",""coordinates"":[]}"
196408,1964-08-01,143.3800048828125,23.735000610351562,"{""type"":""MultiPoint"",""coordinates"":[]}"
196409,1964-09-01,89.69999694824219,20.489999771118164,"{""type"":""MultiPoint"",""coordinates"":[]}"
196410,1964-10-01,149.00999450683594,12.765000343322754,"{""type"":""MultiPoint"",""coordinates"":[]}"
196411,1964-11-01,50.31999969482422,11.72499942779541,"{""type"":""MultiPoint"",""coordinates"":[]}"
196412,1964-12-01,104.55999755859375,6.599999904632568,"{""type"":""MultiPoint"",""coordinates"":[]}"
196501,1965-01-01,48.20000076293945,4.579999923706055,"{""type"":""MultiPoint"",""coordinates"":[]}"
196502,1965-02-01,97.75,5.509999752044678,"{""type"":""MultiPoint"",""coordinates"":[]}"
196503,1965-03-01,120.81999969482422,7.775000095367432,"{""type"":""MultiPoint"",""coordinates"":[]}"
196504,1965-04-01,64.72000122070312,14.844999313354492,"{""type"":""MultiPoint"",""coordinates"":[]}"
196505,1965-05-01,62.630001068115234,22.229999542236328,"{""type"":""MultiPoint"",""coordinates"":[]}"
196506,1965-06-01,202.08999633789062,22.135000228881836,"{""type"":""MultiPoint"",""coordinates"":[]}"
196507,1965-07-01,196.27999877929688,24.46500015258789,"{""type"":""MultiPoint"",""coordinates"":[]}"
196508,1965-08-01,78.12999725341797,25.0,"{""type"":""MultiPoint"",""coordinates"":[]}"
196509,1965-09-01,59.86000061035156,22.295000076293945,"{""type"":""MultiPoint"",""coordinates"":[]}"
196510,1965-10-01,59.540000915527344,14.59000015258789,"{""type"":""MultiPoint"",""coordinates"":[]}"
196511,1965-11-01,34.9900016784668,10.765000343322754,"{""type"":""MultiPoint"",""coordinates"":[]}"
196512,1965-12-01,9.149999618530273,6.179999828338623,"{""type"":""MultiPoint"",""coordinates"":[]}"
196601,1966-01-01,137.0500030517578,2.140000104904175,"{""type"":""MultiPoint"",""coordinates"":[]}"
196602,1966-02-01,127.33999633789062,4.760000228881836,"{""type"":""MultiPoint"",""coordinates"":[]}"
196603,1966-03-01,69.08000183105469,9.485000610351562,"{""type"":""MultiPoint"",""coordinates"":[]}"
196604,1966-04-01,65.6500015258789,13.345000267028809,"{""type"":""MultiPoint"",""coordinates"":[]}"
196605,1966-05-01,149.27000427246094,19.014999389648438,"{""type"":""MultiPoint"",""coordinates"":[]}"
196606,1966-06-01,64.93000030517578,22.43000030517578,"{""type"":""MultiPoint"",""coordinates"":[]}"
196607,1966-07-01,63.95000076293945,25.975000381469727,"{""type"":""MultiPoint"",""coordinates"":[]}"
196608,1966-08-01,110.47000122070312,24.724998474121094,"{""type"":""MultiPoint"",""coordinates"":[]}"
196609,1966-09-01,99.9800033569336,21.075000762939453,"{""type"":""MultiPoint"",""coordinates"":[]}"
196610,1966-10-01,79.8499984741211,14.295000076293945,"{""type"":""MultiPoint"",""coordinates"":[]}"
196611,1966-11-01,42.540000915527344,10.030000686645508,"{""type"":""MultiPoint"",""coordinates"":[]}"
196612,1966-12-01,68.05999755859375,4.784999847412109,"{""type"":""MultiPoint"",""coordinates"":[]}"
196701,1967-01-01,46.02000045776367,6.115000247955322,"{""type"":""MultiPoint"",""coordinates"":[]}"
196702,1967-02-01,106.20999908447266,3.3400001525878906,"{""type"":""MultiPoint"",""coordinates"":[]}"
196703,1967-03-01,38.16999816894531,10.864999771118164,"{""type"":""MultiPoint"",""coordinates"":[]}"
196704,1967-04-01,72.55000305175781,16.395000457763672,"{""type"":""MultiPoint"",""coordinates"":[]}"
196705,1967-05-01,119.87999725341797,17.170000076293945,"{""type"":""MultiPoint"",""coordinates"":[]}"
196706,1967-06-01,91.52999877929688,21.829999923706055,"{""type"":""MultiPoint"",""coordinates"":[]}"
196707,1967-07-01,106.01000213623047,24.360000610351562,"{""type"":""MultiPoint"",""coordinates"":[]}"
196708,1967-08-01,195.8000030517578,23.630001068115234,"{""type"":""MultiPoint"",""coordinates"":[]}"
196709,1967-09-01,71.73999786376953,18.614999771118164,"{""type"":""MultiPoint"",""coordinates"":[]}"
196710,1967-10-01,49.77000045776367,14.549999237060547,"{""type"":""MultiPoint"",""coordinates"":[]}"
196711,1967-11-01,42.95000076293945,7.830000400543213,"{""type"":""MultiPoint"",""coordinates"":[]}"
196712,1967-12-01,136.8699951171875,6.975000381469727,"{""type"":""MultiPoint"",""coordinates"":[]}"
196801,1968-01-01,86.16000366210938,2.25,"{""type"":""MultiPoint"",""coordinates"":[]}"
196802,1968-02-01,18.239999771118164,2.0299999713897705,"{""type"":""MultiPoint"",""coordinates"":[]}"
196803,1968-03-01,89.0999984741211,10.994999885559082,"{""type"":""MultiPoint"",""coordinates"":[]}"
196804,1968-04-01,65.18000030517578,14.77500057220459,"{""type"":""MultiPoint"",""coordinates"":[]}"
196805,1968-05-01,114.4000015258789,17.970001220703125,"{""type"":""MultiPoint"",""coordinates"":[]}"
196806,1968-06-01,57.20000076293945,23.110000610351562,"{""type"":""MultiPoint"",""coordinates"":[]}"
196807,1968-07-01,111.41000366210938,25.149999618530273,"{""type"":""MultiPoint"",""coordinates"":[]}"
196808,1968-08-01,45.93000030517578,26.21500015258789,"{""type"":""MultiPoint"",""coordinates"":[]}"
196809,1968-09-01,10.390000343322754,21.06999969482422,"{""type"":""MultiPoint"",""coordinates"":[]}"
196810,1968-10-01,112.16000366210938,16.145000457763672,"{""type"":""MultiPoint"",""coordinates"":[]}"
196811,1968-11-01,105.83000183105469,10.079999923706055,"{""type"":""MultiPoint"",""coordinates"":[]}"
196812,1968-12-01,79.44999694824219,3.3450002670288086,"{""type"":""MultiPoint"",""coordinates"":[]}"
196901,1969-01-01,59.59000015258789,2.1999998092651367,"{""type"":""MultiPoint"",""coordinates"":[]}"
196902,1969-02-01,92.93000030517578,4.384999752044678,"{""type"":""MultiPoint"",""coordinates"":[]}"
196903,1969-03-01,115.44999694824219,6.765000343322754,"{""type"":""MultiPoint"",""coordinates"":[]}"
196904,1969-04-01,66.44000244140625,15.389999389648438,"{""type"":""MultiPoint"",""coordinates"":[]}"
196905,1969-05-01,66.8499984741211,19.05500030517578,"{""type"":""MultiPoint"",""coordinates"":[]}"
196906,1969-06-01,130.6699981689453,24.145000457763672,"{""type"":""MultiPoint"",""coordinates"":[]}"
196907,1969-07-01,100.04000091552734,26.13500213623047,"{""type"":""MultiPoint"",""coordinates"":[]}"
196908,1969-08-01,150.44000244140625,23.55500030517578,"{""type"":""MultiPoint"",""coordinates"":[]}"
196909,1969-09-01,123.20999908447266,20.21500015258789,"{""type"":""MultiPoint"",""coordinates"":[]}"
196910,1969-10-01,61.75,15.489999771118164,"{""type"":""MultiPoint"",""coordinates"":[]}"
196911,1969-11-01,24.950000762939453,8.424999237060547,"{""type"":""MultiPoint"",""coordinates"":[]}"
196912,1969-12-01,100.6500015258789,3.5500001907348633,"{""type"":""MultiPoint"",""coordinates"":[]}"
197001,1970-01-01,51.93000030517578,1.1349999904632568,"{""type"":""MultiPoint"",""coordinates"":[]}"
197002,1970-02-01,99.83000183105469,4.570000171661377,"{""type"":""MultiPoint"",""coordinates"":[]}"
197003,1970-03-01,128.69000244140625,8.539999961853027,"{""type"":""MultiPoint"",""coordinates"":[]}"
197004,1970-04-01,82.26000213623047,15.889999389648438,"{""type"":""MultiPoint"",""coordinates"":[]}"
197005,1970-05-01,76.97000122070312,20.030000686645508,"{""type"":""MultiPoint"",""coordinates"":[]}"
197006,1970-06-01,52.290000915527344,23.454999923706055,"{""type"":""MultiPoint"",""coordinates"":[]}"
197007,1970-07-01,133.80999755859375,25.240001678466797,"{""type"":""MultiPoint"",""coordinates"":[]}"
197008,1970-08-01,109.76000213623047,24.755001068115234,"{""type"":""MultiPoint"",""coordinates"":[]}"
197009,1970-09-01,39.349998474121094,23.81999969482422,"{""type"":""MultiPoint"",""coordinates"":[]}"
197010,1970-10-01,109.01000213623047,16.184999465942383,"{""type"":""MultiPoint"",""coordinates"":[]}"
197011,1970-11-01,78.4000015258789,9.819999694824219,"{""type"":""MultiPoint"",""coordinates"":[]}"
197012,1970-12-01,59.5099983215332,6.505000114440918,"{""type"":""MultiPoint"",""coordinates"":[]}"
197101,1971-01-01,105.86000061035156,3.2100000381469727,"{""type"":""MultiPoint"",""coordinates"":[]}"
197102,1971-02-01,118.13999938964844,4.864999771118164,"{""type"":""MultiPoint"",""coordinates"":[]}"
197103,1971-03-01,116.47000122070312,7.59499979019165,"{""type"":""MultiPoint"",""coordinates"":[]}"
197104,1971-04-01,84.30000305175781,13.360000610351562,"{""type"":""MultiPoint"",""coordinates"":[]}"
197105,1971-05-01,161.6300048828125,17.880001068115234,"{""type"":""MultiPoint"",""coordinates"":[]}"
197106,1971-06-01,63.529998779296875,24.05500030517578,"{""type"":""MultiPoint"",""coordinates"":[]}"
197107,1971-07-01,102.36000061035156,24.674999237060547,"{""type"":""MultiPoint"",""coordinates"":[]}"
197108,1971-08-01,161.27000427246094,24.045000076293945,"{""type"":""MultiPoint"",""coordinates"":[]}"
197109,1971-09-01,116.4000015258789,22.05500030517578,"{""type"":""MultiPoint"",""coordinates"":[]}"
197110,1971-10-01,235.41000366210938,17.924999237060547,"{""type"":""MultiPoint"",""coordinates"":[]}"
197111,1971-11-01,66.19999694824219,9.595000267028809,"{""type"":""MultiPoint"",""coordinates"":[]}"
197112,1971-12-01,38.08000183105469,9.760000228881836,"{""type"":""MultiPoint"",""coordinates"":[]}"
197201,1972-01-01,61.88999938964844,6.694999694824219,"{""type"":""MultiPoint"",""coordinates"":[]}"
197202,1972-02-01,116.0999984741211,3.879999876022339,"{""type"":""MultiPoint"",""coordinates"":[]}"
197203,1972-03-01,53.029998779296875,9.59000015258789,"{""type"":""MultiPoint"",""coordinates"":[]}"
197204,1972-04-01,73.02999877929688,13.78499984741211,"{""type"":""MultiPoint"",""coordinates"":[]}"
197205,1972-05-01,173.55999755859375,17.69499969482422,"{""type"":""MultiPoint"",""coordinates"":[]}"
197206,1972-06-01,133.32000732421875,21.135000228881836,"{""type"":""MultiPoint"",""coordinates"":[]}"
197207,1972-07-01,96.2300033569336,24.985000610351562,"{""type"":""MultiPoint"",""coordinates"":[]}"
197208,1972-08-01,79.7699966430664,24.06999969482422,"{""type"":""MultiPoint"",""coordinates"":[]}"
197209,1972-09-01,127.23999786376953,21.229999542236328,"{""type"":""MultiPoint"",""coordinates"":[]}"
197210,1972-10-01,111.94999694824219,13.729999542236328,"{""type"":""MultiPoint"",""coordinates"":[]}"
197211,1972-11-01,159.55999755859375,8.984999656677246,"{""type"":""MultiPoint"",""coordinates"":[]}"
197212,1972-12-01,150.80999755859375,7.159999847412109,"{""type"":""MultiPoint"",""coordinates"":[]}"
197301,1973-01-01,77.66999816894531,4.184999942779541,"{""type"":""MultiPoint"",""coordinates"":[]}"
197302,1973-02-01,123.91000366210938,3.744999885559082,"{""type"":""MultiPoint"",""coordinates"":[]}"
197303,1973-03-01,125.86000061035156,11.77500057220459,"{""type"":""MultiPoint"",""coordinates"":[]}"
197304,1973-04-01,137.47000122070312,13.995000839233398,"{""type"":""MultiPoint"",""coordinates"":[]}"
197305,1973-05-01,103.37999725341797,18.005001068115234,"{""type"":""MultiPoint"",""coordinates"":[]}"
197306,1973-06-01,167.75,24.009998321533203,"{""type"":""MultiPoint"",""coordinates"":[]}"
197307,1973-07-01,73.66000366210938,24.975000381469727,"{""type"":""MultiPoint"",""coordinates"":[]}"
197308,1973-08-01,131.92999267578125,24.799999237060547,"{""type"":""MultiPoint"",""coordinates"":[]}"
197309,1973-09-01,41.31999969482422,22.969999313354492,"{""type"":""MultiPoint"",""coordinates"":[]}"
197310,1973-10-01,22.65999984741211,16.315000534057617,"{""type"":""MultiPoint"",""coordinates"":[]}"
197311,1973-11-01,23.239999771118164,11.444999694824219,"{""type"":""MultiPoint"",""coordinates"":[]}"
197312,1973-12-01,156.36000061035156,5.400000095367432,"{""type"":""MultiPoint"",""coordinates"":[]}"
197401,1974-01-01,114.2300033569336,9.279999732971191,"{""type"":""MultiPoint"",""coordinates"":[]}"
197402,1974-02-01,89.01000213623047,5.635000228881836,"{""type"":""MultiPoint"",""coordinates"":[]}"
197403,1974-03-01,97.44000244140625,11.489999771118164,"{""type"":""MultiPoint"",""coordinates"":[]}"
197404,1974-04-01,46.709999084472656,14.835000038146973,"{""type"":""MultiPoint"",""coordinates"":[]}"
197405,1974-05-01,178.11000061035156,19.170000076293945,"{""type"":""MultiPoint"",""coordinates"":[]}"
197406,1974-06-01,85.83000183105469,21.575000762939453,"{""type"":""MultiPoint"",""coordinates"":[]}"
197407,1974-07-01,46.439998626708984,24.594999313354492,"{""type"":""MultiPoint"",""coordinates"":[]}"
197408,1974-08-01,174.16000366210938,23.974998474121094,"{""type"":""MultiPoint"",""coordinates"":[]}"
197409,1974-09-01,155.66000366210938,20.075000762939453,"{""type"":""MultiPoint"",""coordinates"":[]}"
197410,1974-10-01,31.649999618530273,13.425000190734863,"{""type"":""MultiPoint"",""coordinates"":[]}"
197411,1974-11-01,41.689998626708984,9.5600004196167,"{""type"":""MultiPoint"",""coordinates"":[]}"
197412,1974-12-01,119.37999725341797,5.474999904632568,"{""type"":""MultiPoint"",""coordinates"":[]}"
197501,1975-01-01,173.60000610351562,5.639999866485596,"{""type"":""MultiPoint"",""coordinates"":[]}"
197502,1975-02-01,93.52999877929688,6.784999847412109,"{""type"":""MultiPoint"",""coordinates"":[]}"
197503,1975-03-01,196.1300048828125,7.775000095367432,"{""type"":""MultiPoint"",""coordinates"":[]}"
197504,1975-04-01,40.880001068115234,12.869999885559082,"{""type"":""MultiPoint"",""coordinates"":[]}"
197505,1975-05-01,127.33999633789062,19.864999771118164,"{""type"":""MultiPoint"",""coordinates"":[]}"
197506,1975-06-01,48.31999969482422,23.19499969482422,"{""type"":""MultiPoint"",""coordinates"":[]}"
197507,1975-07-01,264.5400085449219,24.024999618530273,"{""type"":""MultiPoint"",""coordinates"":[]}"
197508,1975-08-01,49.7400016784668,25.7450008392334,"{""type"":""MultiPoint"",""coordinates"":[]}"
197509,1975-09-01,221.0800018310547,21.05500030517578,"{""type"":""MultiPoint"",""coordinates"":[]}"
197510,1975-10-01,39.119998931884766,16.625,"{""type"":""MultiPoint"",""coordinates"":[]}"
197511,1975-11-01,73.58999633789062,11.135000228881836,"{""type"":""MultiPoint"",""coordinates"":[]}"
197512,1975-12-01,87.33999633789062,4.684999942779541,"{""type"":""MultiPoint"",""coordinates"":[]}"
197601,1976-01-01,87.06999969482422,2.494999885559082,"{""type"":""MultiPoint"",""coordinates"":[]}"
197602,1976-02-01,39.54999923706055,9.25,"{""type"":""MultiPoint"",""coordinates"":[]}"
197603,1976-03-01,64.68000030517578,12.100000381469727,"{""type"":""MultiPoint"",""coordinates"":[]}"
197604,1976-04-01,15.960000038146973,15.434999465942383,"{""type"":""MultiPoint"",""coordinates"":[]}"
197605,1976-05-01,117.87000274658203,17.93000030517578,"{""type"":""MultiPoint"",""coordinates"":[]}"
197606,1976-06-01,127.33000183105469,22.415000915527344,"{""type"":""MultiPoint"",""coordinates"":[]}"
197607,1976-07-01,37.209999084472656,24.93000030517578,"{""type"":""MultiPoint"",""coordinates"":[]}"
197608,1976-08-01,54.65999984741211,23.360000610351562,"{""type"":""MultiPoint"",""coordinates"":[]}"
197609,1976-09-01,80.95999908447266,19.625,"{""type"":""MultiPoint"",""coordinates"":[]}"
197610,1976-10-01,135.02999877929688,11.84000015258789,"{""type"":""MultiPoint"",""coordinates"":[]}"
197611,1976-11-01,55.83000183105469,6.144999980926514,"{""type"":""MultiPoint"",""coordinates"":[]}"
197612,1976-12-01,99.5,2.6000001430511475,"{""type"":""MultiPoint"",""coordinates"":[]}"
197701,1977-01-01,76.73999786376953,-2.3600001335144043,"{""type"":""MultiPoint"",""coordinates"":[]}"
197702,1977-02-01,53.4900016784668,3.9600000381469727,"{""type"":""MultiPoint"",""coordinates"":[]}"
197703,1977-03-01,139.1699981689453,11.434999465942383,"{""type"":""MultiPoint"",""coordinates"":[]}"
197704,1977-04-01,45.2599983215332,16.239999771118164,"{""type"":""MultiPoint"",""coordinates"":[]}"
197705,1977-05-01,85.56999969482422,19.755001068115234,"{""type"":""MultiPoint"",""coordinates"":[]}"
197706,1977-06-01,49.310001373291016,22.31999969482422,"{""type"":""MultiPoint"",""coordinates"":[]}"
197707,1977-07-01,40.790000915527344,26.69499969482422,"{""type"":""MultiPoint"",""coordinates"":[]}"
197708,1977-08-01,103.75,25.19499969482422,"{""type"":""MultiPoint"",""coordinates"":[]}"
197709,1977-09-01,140.6699981689453,22.345001220703125,"{""type"":""MultiPoint"",""coordinates"":[]}"
197710,1977-10-01,138.9600067138672,13.559999465942383,"{""type"":""MultiPoint"",""coordinates"":[]}"
197711,1977-11-01,74.56999969482422,11.030000686645508,"{""type"":""MultiPoint"",""coordinates"":[]}"
197712,1977-12-01,94.5,3.9600000381469727,"{""type"":""MultiPoint"",""coordinates"":[]}"
197801,1978-01-01,213.9199981689453,0.14500021934509277,"{""type"":""MultiPoint"",""coordinates"":[]}"
197802,1978-02-01,30.850000381469727,0.3450000286102295,"{""type"":""MultiPoint"",""coordinates"":[]}"
197803,1978-03-01,128.2899932861328,7.454999923706055,"{""type"":""MultiPoint"",""coordinates"":[]}"
197804,1978-04-01,152.17999267578125,14.454999923706055,"{""type"":""MultiPoint"",""coordinates"":[]}"
197805,1978-05-01,121.51000213623047,17.755001068115234,"{""type"":""MultiPoint"",""coordinates"":[]}"
197806,1978-06-01,108.69000244140625,23.395000457763672,"{""type"":""MultiPoint"",""coordinates"":[]}"
197807,1978-07-01,126.81999969482422,24.404998779296875,"{""type"":""MultiPoint"",""coordinates"":[]}"
197808,1978-08-01,116.02999877929688,25.510000228881836,"{""type"":""MultiPoint"",""coordinates"":[]}"
197809,1978-09-01,52.790000915527344,22.424999237060547,"{""type"":""MultiPoint"",""coordinates"":[]}"
197810,1978-10-01,38.5,14.180000305175781,"{""type"":""MultiPoint"",""coordinates"":[]}"
197811,1978-11-01,107.7699966430664,11.47499942779541,"{""type"":""MultiPoint"",""coordinates"":[]}"
197812,1978-12-01,94.0,5.785000324249268,"{""type"":""MultiPoint"",""coordinates"":[]}"
197901,1979-01-01,159.5800018310547,2.8899998664855957,"{""type"":""MultiPoint"",""coordinates"":[]}"
197902,1979-02-01,161.4499969482422,0.994999885559082,"{""type"":""MultiPoint"",""coordinates"":[]}"
197903,1979-03-01,83.76000213623047,10.170000076293945,"{""type"":""MultiPoint"",""coordinates"":[]}"
197904,1979-04-01,99.87999725341797,15.444999694824219,"{""type"":""MultiPoint"",""coordinates"":[]}"
197905,1979-05-01,140.3300018310547,18.55500030517578,"{""type"":""MultiPoint"",""coordinates"":[]}"
197906,1979-06-01,129.0,21.125,"{""type"":""MultiPoint"",""coordinates"":[]}"
197907,1979-07-01,81.2699966430664,23.934999465942383,"{""type"":""MultiPoint"",""coordinates"":[]}"
197908,1979-08-01,66.44000244140625,24.719999313354492,"{""type"":""MultiPoint"",""coordinates"":[]}"
197909,1979-09-01,225.6199951171875,20.674999237060547,"{""type"":""MultiPoint"",""coordinates"":[]}"
197910,1979-10-01,67.41999816894531,14.454999923706055,"{""type"":""MultiPoint"",""coordinates"":[]}"
197911,1979-11-01,155.63999938964844,11.305000305175781,"{""type"":""MultiPoint"",""coordinates"":[]}"
197912,1979-12-01,28.610000610351562,5.559999942779541,"{""type"":""MultiPoint"",""coordinates"":[]}"
198001,1980-01-01,108.7699966430664,4.190000057220459,"{""type"":""MultiPoint"",""coordinates"":[]}"
198002,1980-02-01,54.45000076293945,2.184999942779541,"{""type"":""MultiPoint"",""coordinates"":[]}"
198003,1980-03-01,158.64999389648438,7.534999847412109,"{""type"":""MultiPoint"",""coordinates"":[]}"
198004,1980-04-01,64.19999694824219,15.059999465942383,"{""type"":""MultiPoint"",""coordinates"":[]}"
198005,1980-05-01,110.11000061035156,19.260000228881836,"{""type"":""MultiPoint"",""coordinates"":[]}"
198006,1980-06-01,153.00999450683594,22.010000228881836,"{""type"":""MultiPoint"",""coordinates"":[]}"
198007,1980-07-01,89.73999786376953,25.344999313354492,"{""type"":""MultiPoint"",""coordinates"":[]}"
198008,1980-08-01,38.43000030517578,25.670000076293945,"{""type"":""MultiPoint"",""coordinates"":[]}"
198009,1980-09-01,82.93000030517578,22.905000686645508,"{""type"":""MultiPoint"",""coordinates"":[]}"
198010,1980-10-01,108.19999694824219,13.639999389648438,"{""type"":""MultiPoint"",""coordinates"":[]}"
198011,1980-11-01,66.7699966430664,8.114999771118164,"{""type"":""MultiPoint"",""coordinates"":[]}"
198012,1980-12-01,38.08000183105469,4.625,"{""type"":""MultiPoint"",""coordinates"":[]}"
198101,1981-01-01,26.590999603271484,0.687000036239624,"{""type"":""MultiPoint"",""coordinates"":[]}"
198102,1981-02-01,69.23200225830078,5.264000415802002,"{""type"":""MultiPoint"",""coordinates"":[]}"
198103,1981-03-01,67.13800048828125,7.441000461578369,"{""type"":""MultiPoint"",""coordinates"":[]}"
198104,1981-04-01,37.4109992980957,15.9660005569458,"{""type"":""MultiPoint"",""coordinates"":[]}"
198105,1981-05-01,106.14600372314453,17.381999969482422,"{""type"":""MultiPoint"",""coordinates"":[]}"
198106,1981-06-01,87.13600158691406,25.159000396728516,"{""type"":""MultiPoint"",""coordinates"":[]}"
198107,1981-07-01,169.8209991455078,25.21700096130371,"{""type"":""MultiPoint"",""coordinates"":[]}"
198108,1981-08-01,173.20700073242188,22.98000144958496,"{""type"":""MultiPoint"",""coordinates"":[]}"
198109,1981-09-01,93.77899932861328,19.821001052856445,"{""type"":""MultiPoint"",""coordinates"":[]}"
198110,1981-10-01,101.69300079345703,13.528000831604004,"{""type"":""MultiPoint"",""coordinates"":[]}"
198111,1981-11-01,17.003000259399414,9.667000770568848,"{""type"":""MultiPoint"",""coordinates"":[]}"
198112,1981-12-01,100.37200164794922,3.4260001182556152,"{""type"":""MultiPoint"",""coordinates"":[]}"
198201,1982-01-01,147.6219940185547,0.35100001096725464,"{""type"":""MultiPoint"",""coordinates"":[]}"
198202,1982-02-01,114.50499725341797,6.684000492095947,"{""type"":""MultiPoint"",""coordinates"":[]}"
198203,1982-03-01,74.85399627685547,9.509000778198242,"{""type"":""MultiPoint"",""coordinates"":[]}"
198204,1982-04-01,93.06800079345703,13.40000057220459,"{""type"":""MultiPoint"",""coordinates"":[]}"
198205,1982-05-01,133.13299560546875,20.81100082397461,"{""type"":""MultiPoint"",""coordinates"":[]}"
198206,1982-06-01,237.8769989013672,22.82200050354004,"{""type"":""MultiPoint"",""coordinates"":[]}"
198207,1982-07-01,122.09200286865234,25.61800193786621,"{""type"":""MultiPoint"",""coordinates"":[]}"
198208,1982-08-01,100.19499969482422,23.56300163269043,"{""type"":""MultiPoint"",""coordinates"":[]}"
198209,1982-09-01,47.29600143432617,20.542001724243164,"{""type"":""MultiPoint"",""coordinates"":[]}"
198210,1982-10-01,125.63400268554688,15.113000869750977,"{""type"":""MultiPoint"",""coordinates"":[]}"
198211,1982-11-01,62.75,10.79800033569336,"{""type"":""MultiPoint"",""coordinates"":[]}"
198212,1982-12-01,147.13900756835938,8.425000190734863,"{""type"":""MultiPoint"",""coordinates"":[]}"
198301,1983-01-01,49.96099853515625,3.254000186920166,"{""type"":""MultiPoint"",""coordinates"":[]}"
198302,1983-02-01,137.5590057373047,4.897000312805176,"{""type"":""MultiPoint"",""coordinates"":[]}"
198303,1983-03-01,206.35699462890625,10.34000015258789,"{""type"":""MultiPoint"",""coordinates"":[]}"
198304,1983-04-01,117.3030014038086,12.307000160217285,"{""type"":""MultiPoint"",""coordinates"":[]}"
198305,1983-05-01,160.23699951171875,18.836000442504883,"{""type"":""MultiPoint"",""coordinates"":[]}"
198306,1983-06-01,83.63300323486328,22.921001434326172,"{""type"":""MultiPoint"",""coordinates"":[]}"
198307,1983-07-01,23.13599967956543,26.23600196838379,"{""type"":""MultiPoint"",""coordinates"":[]}"
198308,1983-08-01,71.90599822998047,26.705001831054688,"{""type"":""MultiPoint"",""coordinates"":[]}"
198309,1983-09-01,49.38399887084961,21.82200050354004,"{""type"":""MultiPoint"",""coordinates"":[]}"
198310,1983-10-01,132.45700073242188,15.089000701904297,"{""type"":""MultiPoint"",""coordinates"":[]}"
198311,1983-11-01,131.1320037841797,10.16200065612793,"{""type"":""MultiPoint"",""coordinates"":[]}"
198312,1983-12-01,184.13900756835938,3.4850001335144043,"{""type"":""MultiPoint"",""coordinates"":[]}"
198401,1984-01-01,114.4540023803711,2.0240001678466797,"{""type"":""MultiPoint"",""coordinates"":[]}"
198402,1984-02-01,155.3939971923828,7.303000450134277,"{""type"":""MultiPoint"",""coordinates"":[]}"
198403,1984-03-01,193.38699340820312,7.893000602722168,"{""type"":""MultiPoint"",""coordinates"":[]}"
198404,1984-04-01,120.86100006103516,12.753000259399414,"{""type"":""MultiPoint"",""coordinates"":[]}"
198405,1984-05-01,173.9709930419922,18.51500129699707,"{""type"":""MultiPoint"",""coordinates"":[]}"
198406,1984-06-01,71.52200317382812,23.660001754760742,"{""type"":""MultiPoint"",""coordinates"":[]}"
198407,1984-07-01,186.63999938964844,23.53700065612793,"{""type"":""MultiPoint"",""coordinates"":[]}"
198408,1984-08-01,43.87900161743164,23.871000289916992,"{""type"":""MultiPoint"",""coordinates"":[]}"
198409,1984-09-01,53.17900085449219,18.915000915527344,"{""type"":""MultiPoint"",""coordinates"":[]}"
198410,1984-10-01,75.06900024414062,17.951000213623047,"{""type"":""MultiPoint"",""coordinates"":[]}"
198411,1984-11-01,38.60100173950195,7.829000473022461,"{""type"":""MultiPoint"",""coordinates"":[]}"
198412,1984-12-01,84.03700256347656,9.515000343322754,"{""type"":""MultiPoint"",""coordinates"":[]}"
198501,1985-01-01,136.20700073242188,1.1420000791549683,"{""type"":""MultiPoint"",""coordinates"":[]}"
198502,1985-02-01,138.97500610351562,4.924000263214111,"{""type"":""MultiPoint"",""coordinates"":[]}"
198503,1985-03-01,33.99599838256836,11.306000709533691,"{""type"":""MultiPoint"",""coordinates"":[]}"
198504,1985-04-01,18.18400001525879,16.975000381469727,"{""type"":""MultiPoint"",""coordinates"":[]}"
198505,1985-05-01,139.5590057373047,19.779001235961914,"{""type"":""MultiPoint"",""coordinates"":[]}"
198506,1985-06-01,67.48899841308594,23.718000411987305,"{""type"":""MultiPoint"",""coordinates"":[]}"
198507,1985-07-01,180.6020050048828,24.666000366210938,"{""type"":""MultiPoint"",""coordinates"":[]}"
198508,1985-08-01,206.51499938964844,24.205001831054688,"{""type"":""MultiPoint"",""coordinates"":[]}"
198509,1985-09-01,6.349999904632568,21.191001892089844,"{""type"":""MultiPoint"",""coordinates"":[]}"
198510,1985-10-01,77.81600189208984,17.431001663208008,"{""type"":""MultiPoint"",""coordinates"":[]}"
198511,1985-11-01,315.8039855957031,14.804000854492188,"{""type"":""MultiPoint"",""coordinates"":[]}"
198512,1985-12-01,29.908000946044922,3.7310001850128174,"{""type"":""MultiPoint"",""coordinates"":[]}"
198601,1986-01-01,36.18000030517578,3.367000102996826,"{""type"":""MultiPoint"",""coordinates"":[]}"
198602,1986-02-01,49.21900177001953,6.045000076293945,"{""type"":""MultiPoint"",""coordinates"":[]}"
198603,1986-03-01,76.66999816894531,9.84000015258789,"{""type"":""MultiPoint"",""coordinates"":[]}"
198604,1986-04-01,28.106000900268555,15.946001052856445,"{""type"":""MultiPoint"",""coordinates"":[]}"
198605,1986-05-01,76.5,19.534000396728516,"{""type"":""MultiPoint"",""coordinates"":[]}"
198606,1986-06-01,35.47200012207031,24.959001541137695,"{""type"":""MultiPoint"",""coordinates"":[]}"
198607,1986-07-01,97.58599853515625,27.054000854492188,"{""type"":""MultiPoint"",""coordinates"":[]}"
198608,1986-08-01,274.343994140625,24.09800148010254,"{""type"":""MultiPoint"",""coordinates"":[]}"
198609,1986-09-01,11.050000190734863,21.147001266479492,"{""type"":""MultiPoint"",""coordinates"":[]}"
198610,1986-10-01,46.18000030517578,16.808000564575195,"{""type"":""MultiPoint"",""coordinates"":[]}"
198611,1986-11-01,79.34400177001953,11.02400016784668,"{""type"":""MultiPoint"",""coordinates"":[]}"
198612,1986-12-01,108.46600341796875,5.533000469207764,"{""type"":""MultiPoint"",""coordinates"":[]}"
198701,1987-01-01,146.7220001220703,3.0340001583099365,"{""type"":""MultiPoint"",""coordinates"":[]}"
198702,1987-02-01,95.00900268554688,4.070000171661377,"{""type"":""MultiPoint"",""coordinates"":[]}"
198703,1987-03-01,99.71199798583984,9.11500072479248,"{""type"":""MultiPoint"",""coordinates"":[]}"
198704,1987-04-01,145.71299743652344,13.74100112915039,"{""type"":""MultiPoint"",""coordinates"":[]}"
198705,1987-05-01,57.72999954223633,20.549001693725586,"{""type"":""MultiPoint"",""coordinates"":[]}"
198706,1987-06-01,66.19000244140625,24.666000366210938,"{""type"":""MultiPoint"",""coordinates"":[]}"
198707,1987-07-01,58.72600173950195,27.108001708984375,"{""type"":""MultiPoint"",""coordinates"":[]}"
198708,1987-08-01,84.11199951171875,26.04800033569336,"{""type"":""MultiPoint"",""coordinates"":[]}"
198709,1987-09-01,158.0399932861328,22.363000869750977,"{""type"":""MultiPoint"",""coordinates"":[]}"
198710,1987-10-01,65.35399627685547,11.857000350952148,"{""type"":""MultiPoint"",""coordinates"":[]}"
198711,1987-11-01,73.53800201416016,10.872000694274902,"{""type"":""MultiPoint"",""coordinates"":[]}"
198712,1987-12-01,86.06500244140625,6.293000221252441,"{""type"":""MultiPoint"",""coordinates"":[]}"
198801,1988-01-01,82.21399688720703,0.5580000281333923,"{""type"":""MultiPoint"",""coordinates"":[]}"
198802,1988-02-01,65.10199737548828,4.580000400543213,"{""type"":""MultiPoint"",""coordinates"":[]}"
198803,1988-03-01,49.57600021362305,9.42300033569336,"{""type"":""MultiPoint"",""coordinates"":[]}"
198804,1988-04-01,80.46700286865234,14.100000381469727,"{""type"":""MultiPoint"",""coordinates"":[]}"
198805,1988-05-01,85.93199920654297,18.770000457763672,"{""type"":""MultiPoint"",""coordinates"":[]}"
198806,1988-06-01,70.91100311279297,22.642000198364258,"{""type"":""MultiPoint"",""coordinates"":[]}"
198807,1988-07-01,48.176998138427734,25.6460018157959,"{""type"":""MultiPoint"",""coordinates"":[]}"
198808,1988-08-01,102.89199829101562,26.296001434326172,"{""type"":""MultiPoint"",""coordinates"":[]}"
198809,1988-09-01,91.49600219726562,20.060001373291016,"{""type"":""MultiPoint"",""coordinates"":[]}"
198810,1988-10-01,122.1709976196289,12.122000694274902,"{""type"":""MultiPoint"",""coordinates"":[]}"
198811,1988-11-01,98.90399932861328,9.945000648498535,"{""type"":""MultiPoint"",""coordinates"":[]}"
198812,1988-12-01,20.77400016784668,4.504000186920166,"{""type"":""MultiPoint"",""coordinates"":[]}"
198901,1989-01-01,35.94300079345703,6.295000076293945,"{""type"":""MultiPoint"",""coordinates"":[]}"
198902,1989-02-01,149.83999633789062,5.087000370025635,"{""type"":""MultiPoint"",""coordinates"":[]}"
198903,1989-03-01,174.27999877929688,9.157999992370605,"{""type"":""MultiPoint"",""coordinates"":[]}"
198904,1989-04-01,101.54199981689453,13.635000228881836,"{""type"":""MultiPoint"",""coordinates"":[]}"
198905,1989-05-01,108.94400024414062,17.457000732421875,"{""type"":""MultiPoint"",""coordinates"":[]}"
198906,1989-06-01,170.5500030517578,24.61600112915039,"{""type"":""MultiPoint"",""coordinates"":[]}"
198907,1989-07-01,137.7449951171875,25.08700180053711,"{""type"":""MultiPoint"",""coordinates"":[]}"
198908,1989-08-01,119.01599884033203,24.032001495361328,"{""type"":""MultiPoint"",""coordinates"":[]}"
198909,1989-09-01,88.96499633789062,21.273000717163086,"{""type"":""MultiPoint"",""coordinates"":[]}"
198910,1989-10-01,123.04399871826172,15.188000679016113,"{""type"":""MultiPoint"",""coordinates"":[]}"
198911,1989-11-01,86.3550033569336,10.180000305175781,"{""type"":""MultiPoint"",""coordinates"":[]}"
198912,1989-12-01,79.40499877929688,0.35100001096725464,"{""type"":""MultiPoint"",""coordinates"":[]}"
199001,1990-01-01,81.64600372314453,8.32800006866455,"{""type"":""MultiPoint"",""coordinates"":[]}"
199002,1990-02-01,104.18299865722656,9.643000602722168,"{""type"":""MultiPoint"",""coordinates"":[]}"
199003,1990-03-01,107.35099792480469,12.184000968933105,"{""type"":""MultiPoint"",""coordinates"":[]}"
199004,1990-04-01,76.59200286865234,14.919000625610352,"{""type"":""MultiPoint"",""coordinates"":[]}"
199005,1990-05-01,170.48300170898438,19.16900062561035,"{""type"":""MultiPoint"",""coordinates"":[]}"
199006,1990-06-01,35.07600021362305,23.628000259399414,"{""type"":""MultiPoint"",""coordinates"":[]}"
199007,1990-07-01,74.60199737548828,26.602001190185547,"{""type"":""MultiPoint"",""coordinates"":[]}"
199008,1990-08-01,88.34200286865234,25.394001007080078,"{""type"":""MultiPoint"",""coordinates"":[]}"
199009,1990-09-01,4.960000038146973,21.530000686645508,"{""type"":""MultiPoint"",""coordinates"":[]}"
199010,1990-10-01,226.21099853515625,17.237001419067383,"{""type"":""MultiPoint"",""coordinates"":[]}"
199011,1990-11-01,48.465999603271484,11.93600082397461,"{""type"":""MultiPoint"",""coordinates"":[]}"
199012,1990-12-01,96.02999877929688,8.683000564575195,"{""type"":""MultiPoint"",""coordinates"":[]}"
199101,1991-01-01,128.36599731445312,5.23900032043457,"{""type"":""MultiPoint"",""coordinates"":[]}"
199102,1991-02-01,27.030000686645508,7.617000579833984,"{""type"":""MultiPoint"",""coordinates"":[]}"
199103,1991-03-01,150.83900451660156,11.835000991821289,"{""type"":""MultiPoint"",""coordinates"":[]}"
199104,1991-04-01,58.98099899291992,16.336000442504883,"{""type"":""MultiPoint"",""coordinates"":[]}"
199105,1991-05-01,77.41200256347656,22.213001251220703,"{""type"":""MultiPoint"",""coordinates"":[]}"
199106,1991-06-01,70.21499633789062,24.428001403808594,"{""type"":""MultiPoint"",""coordinates"":[]}"
199107,1991-07-01,145.11099243164062,27.19500160217285,"{""type"":""MultiPoint"",""coordinates"":[]}"
199108,1991-08-01,64.86799621582031,25.282001495361328,"{""type"":""MultiPoint"",""coordinates"":[]}"
199109,1991-09-01,126.22899627685547,21.8960018157959,"{""type"":""MultiPoint"",""coordinates"":[]}"
199110,1991-10-01,45.20000076293945,15.712000846862793,"{""type"":""MultiPoint"",""coordinates"":[]}"
199111,1991-11-01,30.360000610351562,9.179000854492188,"{""type"":""MultiPoint"",""coordinates"":[]}"
199112,1991-12-01,65.81400299072266,7.931000232696533,"{""type"":""MultiPoint"",""coordinates"":[]}"
199201,1992-01-01,100.93499755859375,5.478000164031982,"{""type"":""MultiPoint"",""coordinates"":[]}"
199202,1992-02-01,80.05400085449219,7.384000301361084,"{""type"":""MultiPoint"",""coordinates"":[]}"
199203,1992-03-01,95.91100311279297,9.744000434875488,"{""type"":""MultiPoint"",""coordinates"":[]}"
199204,1992-04-01,67.80699920654297,14.824000358581543,"{""type"":""MultiPoint"",""coordinates"":[]}"
199205,1992-05-01,89.73200225830078,17.10500144958496,"{""type"":""MultiPoint"",""coordinates"":[]}"
199206,1992-06-01,172.92100524902344,22.1820011138916,"{""type"":""MultiPoint"",""coordinates"":[]}"
199207,1992-07-01,64.41999816894531,26.53900146484375,"{""type"":""MultiPoint"",""coordinates"":[]}"
199208,1992-08-01,119.2760009765625,23.437000274658203,"{""type"":""MultiPoint"",""coordinates"":[]}"
199209,1992-09-01,50.986000061035156,22.08700180053711,"{""type"":""MultiPoint"",""coordinates"":[]}"
199210,1992-10-01,106.15699768066406,14.415000915527344,"{""type"":""MultiPoint"",""coordinates"":[]}"
199211,1992-11-01,158.55099487304688,10.57800006866455,"{""type"":""MultiPoint"",""coordinates"":[]}"
199212,1992-12-01,65.99700164794922,5.065000057220459,"{""type"":""MultiPoint"",""coordinates"":[]}"
199301,1993-01-01,126.28299713134766,5.663000106811523,"{""type"":""MultiPoint"",""coordinates"":[]}"
199302,1993-02-01,74.49800109863281,4.264000415802002,"{""type"":""MultiPoint"",""coordinates"":[]}"
199303,1993-03-01,228.85000610351562,8.12600040435791,"{""type"":""MultiPoint"",""coordinates"":[]}"
199304,1993-04-01,110.5270004272461,13.641000747680664,"{""type"":""MultiPoint"",""coordinates"":[]}"
199305,1993-05-01,119.15599822998047,20.527000427246094,"{""type"":""MultiPoint"",""coordinates"":[]}"
199306,1993-06-01,23.576000213623047,24.4320011138916,"{""type"":""MultiPoint"",""coordinates"":[]}"
199307,1993-07-01,65.43699645996094,28.253002166748047,"{""type"":""MultiPoint"",""coordinates"":[]}"
199308,1993-08-01,103.447998046875,25.7760009765625,"{""type"":""MultiPoint"",""coordinates"":[]}"
199309,1993-09-01,78.65399932861328,23.1510009765625,"{""type"":""MultiPoint"",""coordinates"":[]}"
199310,1993-10-01,92.50299835205078,14.896000862121582,"{""type"":""MultiPoint"",""coordinates"":[]}"
199311,1993-11-01,88.3270034790039,10.154000282287598,"{""type"":""MultiPoint"",""coordinates"":[]}"
199312,1993-12-01,94.61299896240234,4.353000164031982,"{""type"":""MultiPoint"",""coordinates"":[]}"
199401,1994-01-01,92.0979995727539,2.057000160217285,"{""type"":""MultiPoint"",""coordinates"":[]}"
199402,1994-02-01,86.71099853515625,5.776000499725342,"{""type"":""MultiPoint"",""coordinates"":[]}"
199403,1994-03-01,146.35800170898438,10.654000282287598,"{""type"":""MultiPoint"",""coordinates"":[]}"
199404,1994-04-01,63.21900177001953,16.92500114440918,"{""type"":""MultiPoint"",""coordinates"":[]}"
199405,1994-05-01,65.80999755859375,18.054000854492188,"{""type"":""MultiPoint"",""coordinates"":[]}"
199406,1994-06-01,68.82499694824219,25.12900161743164,"{""type"":""MultiPoint"",""coordinates"":[]}"
199407,1994-07-01,165.5570068359375,26.780000686645508,"{""type"":""MultiPoint"",""coordinates"":[]}"
199408,1994-08-01,117.58000183105469,24.386001586914062,"{""type"":""MultiPoint"",""coordinates"":[]}"
199409,1994-09-01,60.249000549316406,20.352001190185547,"{""type"":""MultiPoint"",""coordinates"":[]}"
199410,1994-10-01,126.29199981689453,14.636000633239746,"{""type"":""MultiPoint"",""coordinates"":[]}"
199411,1994-11-01,61.89500045776367,12.253000259399414,"{""type"":""MultiPoint"",""coordinates"":[]}"
199412,1994-12-01,31.163999557495117,8.263999938964844,"{""type"":""MultiPoint"",""coordinates"":[]}"
199501,1995-01-01,123.3239974975586,5.095000267028809,"{""type"":""MultiPoint"",""coordinates"":[]}"
199502,1995-02-01,119.2959976196289,4.1670002937316895,"{""type"":""MultiPoint"",""coordinates"":[]}"
199503,1995-03-01,95.12300109863281,11.342000961303711,"{""type"":""MultiPoint"",""coordinates"":[]}"
199504,1995-04-01,26.799999237060547,15.450000762939453,"{""type"":""MultiPoint"",""coordinates"":[]}"
199505,1995-05-01,131.54800415039062,19.98900032043457,"{""type"":""MultiPoint"",""coordinates"":[]}"
199506,1995-06-01,225.29800415039062,23.23900032043457,"{""type"":""MultiPoint"",""coordinates"":[]}"
199507,1995-07-01,83.53800201416016,26.690000534057617,"{""type"":""MultiPoint"",""coordinates"":[]}"
199508,1995-08-01,103.3740005493164,26.786001205444336,"{""type"":""MultiPoint"",""coordinates"":[]}"
199509,1995-09-01,37.983001708984375,21.05500030517578,"{""type"":""MultiPoint"",""coordinates"":[]}"
199510,1995-10-01,192.98199462890625,16.73200035095215,"{""type"":""MultiPoint"",""coordinates"":[]}"
199511,1995-11-01,122.4260025024414,7.695000171661377,"{""type"":""MultiPoint"",""coordinates"":[]}"
199512,1995-12-01,50.8489990234375,3.31000018119812,"{""type"":""MultiPoint"",""coordinates"":[]}"
199601,1996-01-01,125.1709976196289,3.055000066757202,"{""type"":""MultiPoint"",""coordinates"":[]}"
199602,1996-02-01,63.10200119018555,5.100000381469727,"{""type"":""MultiPoint"",""coordinates"":[]}"
199603,1996-03-01,102.60900115966797,7.02400016784668,"{""type"":""MultiPoint"",""coordinates"":[]}"
199604,1996-04-01,96.48400115966797,14.74100112915039,"{""type"":""MultiPoint"",""coordinates"":[]}"
199605,1996-05-01,121.71700286865234,19.825000762939453,"{""type"":""MultiPoint"",""coordinates"":[]}"
199606,1996-06-01,72.3010025024414,24.604001998901367,"{""type"":""MultiPoint"",""coordinates"":[]}"
199607,1996-07-01,103.47799682617188,26.07200050354004,"{""type"":""MultiPoint"",""coordinates"":[]}"
199608,1996-08-01,110.87100219726562,24.279001235961914,"{""type"":""MultiPoint"",""coordinates"":[]}"
199609,1996-09-01,326.9490051269531,21.588001251220703,"{""type"":""MultiPoint"",""coordinates"":[]}"
199610,1996-10-01,101.28600311279297,15.66200065612793,"{""type"":""MultiPoint"",""coordinates"":[]}"
199611,1996-11-01,81.46700286865234,7.569000244140625,"{""type"":""MultiPoint"",""coordinates"":[]}"
199612,1996-12-01,97.72200012207031,7.0370001792907715,"{""type"":""MultiPoint"",""coordinates"":[]}"
199701,1997-01-01,92.18000030517578,4.604000091552734,"{""type"":""MultiPoint"",""coordinates"":[]}"
199702,1997-02-01,72.96299743652344,7.805000305175781,"{""type"":""MultiPoint"",""coordinates"":[]}"
199703,1997-03-01,59.97700119018555,12.473000526428223,"{""type"":""MultiPoint"",""coordinates"":[]}"
199704,1997-04-01,131.95199584960938,12.866000175476074,"{""type"":""MultiPoint"",""coordinates"":[]}"
199705,1997-05-01,40.55500030517578,17.874000549316406,"{""type"":""MultiPoint"",""coordinates"":[]}"
199706,1997-06-01,99.93900299072266,22.10900115966797,"{""type"":""MultiPoint"",""coordinates"":[]}"
199707,1997-07-01,117.79199981689453,26.51000213623047,"{""type"":""MultiPoint"",""coordinates"":[]}"
199708,1997-08-01,28.399999618530273,24.41900062561035,"{""type"":""MultiPoint"",""coordinates"":[]}"
199709,1997-09-01,88.58599853515625,21.402000427246094,"{""type"":""MultiPoint"",""coordinates"":[]}"
199710,1997-10-01,87.37799835205078,15.371000289916992,"{""type"":""MultiPoint"",""coordinates"":[]}"
199711,1997-11-01,101.08300018310547,8.278000831604004,"{""type"":""MultiPoint"",""coordinates"":[]}"
199712,1997-12-01,69.33999633789062,5.00700044631958,"{""type"":""MultiPoint"",""coordinates"":[]}"
199801,1998-01-01,243.28599548339844,6.340000152587891,"{""type"":""MultiPoint"",""coordinates"":[]}"
199802,1998-02-01,166.94500732421875,6.9200005531311035,"{""type"":""MultiPoint"",""coordinates"":[]}"
199803,1998-03-01,208.60499572753906,9.60200023651123,"{""type"":""MultiPoint"",""coordinates"":[]}"
199804,1998-04-01,88.16699981689453,14.837000846862793,"{""type"":""MultiPoint"",""coordinates"":[]}"
199805,1998-05-01,86.1500015258789,20.47100067138672,"{""type"":""MultiPoint"",""coordinates"":[]}"
199806,1998-06-01,68.63300323486328,24.61400032043457,"{""type"":""MultiPoint"",""coordinates"":[]}"
199807,1998-07-01,65.79299926757812,26.41400146484375,"{""type"":""MultiPoint"",""coordinates"":[]}"
199808,1998-08-01,121.37000274658203,25.34200096130371,"{""type"":""MultiPoint"",""coordinates"":[]}"
199809,1998-09-01,95.31400299072266,23.434001922607422,"{""type"":""MultiPoint"",""coordinates"":[]}"
199810,1998-10-01,40.74100112915039,16.027999877929688,"{""type"":""MultiPoint"",""coordinates"":[]}"
199811,1998-11-01,59.970001220703125,10.427000045776367,"{""type"":""MultiPoint"",""coordinates"":[]}"
199812,1998-12-01,100.67400360107422,7.8600006103515625,"{""type"":""MultiPoint"",""coordinates"":[]}"
199901,1999-01-01,166.13800048828125,6.935000419616699,"{""type"":""MultiPoint"",""coordinates"":[]}"
199902,1999-02-01,57.084999084472656,6.700000286102295,"{""type"":""MultiPoint"",""coordinates"":[]}"
199903,1999-03-01,90.41200256347656,8.087000846862793,"{""type"":""MultiPoint"",""coordinates"":[]}"
199904,1999-04-01,118.84500122070312,15.756000518798828,"{""type"":""MultiPoint"",""coordinates"":[]}"
199905,1999-05-01,24.323999404907227,18.784000396728516,"{""type"":""MultiPoint"",""coordinates"":[]}"
199906,1999-06-01,87.19200134277344,22.73000144958496,"{""type"":""MultiPoint"",""coordinates"":[]}"
199907,1999-07-01,67.53500366210938,26.46000099182129,"{""type"":""MultiPoint"",""coordinates"":[]}"
199908,1999-08-01,116.53800201416016,26.12700080871582,"{""type"":""MultiPoint"",""coordinates"":[]}"
199909,1999-09-01,494.7409973144531,20.487001419067383,"{""type"":""MultiPoint"",""coordinates"":[]}"
199910,1999-10-01,70.06999969482422,14.369000434875488,"{""type"":""MultiPoint"",""coordinates"":[]}"
199911,1999-11-01,59.52899932861328,12.534000396728516,"{""type"":""MultiPoint"",""coordinates"":[]}"
199912,1999-12-01,44.56100082397461,6.051000118255615,"{""type"":""MultiPoint"",""coordinates"":[]}"
200001,2000-01-01,120.50700378417969,3.328000068664551,"{""type"":""MultiPoint"",""coordinates"":[]}"
200002,2000-02-01,65.56700134277344,6.9830002784729,"{""type"":""MultiPoint"",""coordinates"":[]}"
200003,2000-03-01,81.01200103759766,11.993000984191895,"{""type"":""MultiPoint"",""coordinates"":[]}"
200004,2000-04-01,151.16200256347656,13.753000259399414,"{""type"":""MultiPoint"",""coordinates"":[]}"
200005,2000-05-01,64.68299865722656,20.619001388549805,"{""type"":""MultiPoint"",""coordinates"":[]}"
200006,2000-06-01,111.41500091552734,24.30500030517578,"{""type"":""MultiPoint"",""coordinates"":[]}"
200007,2000-07-01,185.36199951171875,24.15300178527832,"{""type"":""MultiPoint"",""coordinates"":[]}"
200008,2000-08-01,113.71199798583984,23.926000595092773,"{""type"":""MultiPoint"",""coordinates"":[]}"
200009,2000-09-01,87.2249984741211,20.426000595092773,"{""type"":""MultiPoint"",""coordinates"":[]}"
200010,2000-10-01,5.230999946594238,15.554000854492188,"{""type"":""MultiPoint"",""coordinates"":[]}"
200011,2000-11-01,55.683998107910156,8.329000473022461,"{""type"":""MultiPoint"",""coordinates"":[]}"
200012,2000-12-01,35.64699935913086,1.6440000534057617,"{""type"":""MultiPoint"",""coordinates"":[]}"
200101,2001-01-01,63.3120002746582,3.9170002937316895,"{""type"":""MultiPoint"",""coordinates"":[]}"
200102,2001-02-01,70.59400177001953,7.435000419616699,"{""type"":""MultiPoint"",""coordinates"":[]}"
200103,2001-03-01,163.6529998779297,8.016000747680664,"{""type"":""MultiPoint"",""coordinates"":[]}"
200104,2001-04-01,65.02400207519531,15.664000511169434,"{""type"":""MultiPoint"",""coordinates"":[]}"
200105,2001-05-01,85.93099975585938,19.22100067138672,"{""type"":""MultiPoint"",""coordinates"":[]}"
200106,2001-06-01,139.88699340820312,24.10500144958496,"{""type"":""MultiPoint"",""coordinates"":[]}"
200107,2001-07-01,126.44999694824219,24.09200096130371,"{""type"":""MultiPoint"",""coordinates"":[]}"
200108,2001-08-01,92.1760025024414,25.19900131225586,"{""type"":""MultiPoint"",""coordinates"":[]}"
200109,2001-09-01,51.95199966430664,20.165000915527344,"{""type"":""MultiPoint"",""coordinates"":[]}"
200110,2001-10-01,37.30799865722656,14.302000999450684,"{""type"":""MultiPoint"",""coordinates"":[]}"
200111,2001-11-01,13.062999725341797,12.397000312805176,"{""type"":""MultiPoint"",""coordinates"":[]}"
200112,2001-12-01,41.33300018310547,8.829000473022461,"{""type"":""MultiPoint"",""coordinates"":[]}"
200201,2002-01-01,143.09800720214844,5.281000137329102,"{""type"":""MultiPoint"",""coordinates"":[]}"
200202,2002-02-01,38.242000579833984,6.992000102996826,"{""type"":""MultiPoint"",""coordinates"":[]}"
200203,2002-03-01,94.7249984741211,10.314000129699707,"{""type"":""MultiPoint"",""coordinates"":[]}"
200204,2002-04-01,36.516998291015625,16.881000518798828,"{""type"":""MultiPoint"",""coordinates"":[]}"
200205,2002-05-01,45.650001525878906,19.111000061035156,"{""type"":""MultiPoint"",""coordinates"":[]}"
200206,2002-06-01,47.82899856567383,25.19700050354004,"{""type"":""MultiPoint"",""coordinates"":[]}"
200207,2002-07-01,90.58399963378906,26.7760009765625,"{""type"":""MultiPoint"",""coordinates"":[]}"
200208,2002-08-01,108.375,25.780000686645508,"{""type"":""MultiPoint"",""coordinates"":[]}"
200209,2002-09-01,73.81400299072266,22.196001052856445,"{""type"":""MultiPoint"",""coordinates"":[]}"
200210,2002-10-01,247.92599487304688,16.110000610351562,"{""type"":""MultiPoint"",""coordinates"":[]}"
200211,2002-11-01,89.0009994506836,8.866000175476074,"{""type"":""MultiPoint"",""coordinates"":[]}"
200212,2002-12-01,133.40699768066406,4.3480000495910645,"{""type"":""MultiPoint"",""coordinates"":[]}"
200301,2003-01-01,57.757999420166016,2.2240002155303955,"{""type"":""MultiPoint"",""coordinates"":[]}"
200302,2003-02-01,137.83999633789062,4.439000129699707,"{""type"":""MultiPoint"",""coordinates"":[]}"
200303,2003-03-01,198.01699829101562,10.870000839233398,"{""type"":""MultiPoint"",""coordinates"":[]}"
200304,2003-04-01,183.2740020751953,14.024001121520996,"{""type"":""MultiPoint"",""coordinates"":[]}"
200305,2003-05-01,121.74400329589844,18.637001037597656,"{""type"":""MultiPoint"",""coordinates"":[]}"
200306,2003-06-01,93.9010009765625,22.643001556396484,"{""type"":""MultiPoint"",""coordinates"":[]}"
200307,2003-07-01,162.67599487304688,25.058000564575195,"{""type"":""MultiPoint"",""coordinates"":[]}"
200308,2003-08-01,137.25999450683594,25.38800048828125,"{""type"":""MultiPoint"",""coordinates"":[]}"
200309,2003-09-01,120.29299926757812,20.96900177001953,"{""type"":""MultiPoint"",""coordinates"":[]}"
200310,2003-10-01,70.26200103759766,15.016000747680664,"{""type"":""MultiPoint"",""coordinates"":[]}"
200311,2003-11-01,45.38100051879883,13.10200023651123,"{""type"":""MultiPoint"",""coordinates"":[]}"
200312,2003-12-01,95.54199981689453,4.6060004234313965,"{""type"":""MultiPoint"",""coordinates"":[]}"
200401,2004-01-01,41.00199890136719,2.619000196456909,"{""type"":""MultiPoint"",""coordinates"":[]}"
200402,2004-02-01,74.03399658203125,4.199000358581543,"{""type"":""MultiPoint"",""coordinates"":[]}"
200403,2004-03-01,53.29999923706055,10.816000938415527,"{""type"":""MultiPoint"",""coordinates"":[]}"
200404,2004-04-01,55.426998138427734,15.269001007080078,"{""type"":""MultiPoint"",""coordinates"":[]}"
200405,2004-05-01,85.0260009765625,22.266000747680664,"{""type"":""MultiPoint"",""coordinates"":[]}"
200406,2004-06-01,82.51899719238281,23.685001373291016,"{""type"":""MultiPoint"",""coordinates"":[]}"
200407,2004-07-01,137.26499938964844,25.679000854492188,"{""type"":""MultiPoint"",""coordinates"":[]}"
200408,2004-08-01,223.49899291992188,23.69900131225586,"{""type"":""MultiPoint"",""coordinates"":[]}"
200409,2004-09-01,113.02100372314453,21.384000778198242,"{""type"":""MultiPoint"",""coordinates"":[]}"
200410,2004-10-01,57.98099899291992,16.202001571655273,"{""type"":""MultiPoint"",""coordinates"":[]}"
200411,2004-11-01,92.74700164794922,11.741000175476074,"{""type"":""MultiPoint"",""coordinates"":[]}"
200412,2004-12-01,60.89099884033203,5.539000034332275,"{""type"":""MultiPoint"",""coordinates"":[]}"
200501,2005-01-01,89.03099822998047,5.889000415802002,"{""type"":""MultiPoint"",""coordinates"":[]}"
200502,2005-02-01,69.02999877929688,6.273000240325928,"{""type"":""MultiPoint"",""coordinates"":[]}"
200503,2005-03-01,135.72999572753906,7.828000545501709,"{""type"":""MultiPoint"",""coordinates"":[]}"
200504,2005-04-01,55.9119987487793,14.533000946044922,"{""type"":""MultiPoint"",""coordinates"":[]}"
200505,2005-05-01,55.88600158691406,17.60900115966797,"{""type"":""MultiPoint"",""coordinates"":[]}"
200506,2005-06-01,73.38899993896484,23.60700035095215,"{""type"":""MultiPoint"",""coordinates"":[]}"
200507,2005-07-01,107.09700012207031,27.248001098632812,"{""type"":""MultiPoint"",""coordinates"":[]}"
200508,2005-08-01,96.62699890136719,26.2710018157959,"{""type"":""MultiPoint"",""coordinates"":[]}"
200509,2005-09-01,23.635000228881836,24.041000366210938,"{""type"":""MultiPoint"",""coordinates"":[]}"
200510,2005-10-01,71.89600372314453,16.395000457763672,"{""type"":""MultiPoint"",""coordinates"":[]}"
200511,2005-11-01,127.90799713134766,10.721000671386719,"{""type"":""MultiPoint"",""coordinates"":[]}"
200512,2005-12-01,126.50800323486328,4.406000137329102,"{""type"":""MultiPoint"",""coordinates"":[]}"
200601,2006-01-01,63.73500061035156,7.959000587463379,"{""type"":""MultiPoint"",""coordinates"":[]}"
200602,2006-02-01,52.63800048828125,5.38100004196167,"{""type"":""MultiPoint"",""coordinates"":[]}"
200603,2006-03-01,37.88399887084961,10.245000839233398,"{""type"":""MultiPoint"",""coordinates"":[]}"
200604,2006-04-01,121.54100036621094,16.70400047302246,"{""type"":""MultiPoint"",""coordinates"":[]}"
200605,2006-05-01,61.18899917602539,17.661001205444336,"{""type"":""MultiPoint"",""coordinates"":[]}"
200606,2006-06-01,188.74000549316406,23.106000900268555,"{""type"":""MultiPoint"",""coordinates"":[]}"
200607,2006-07-01,144.1739959716797,25.74100112915039,"{""type"":""MultiPoint"",""coordinates"":[]}"
200608,2006-08-01,50.64799880981445,26.597002029418945,"{""type"":""MultiPoint"",""coordinates"":[]}"
200609,2006-09-01,118.20500183105469,20.448001861572266,"{""type"":""MultiPoint"",""coordinates"":[]}"
200610,2006-10-01,96.0469970703125,14.176000595092773,"{""type"":""MultiPoint"",""coordinates"":[]}"
200611,2006-11-01,189.86000061035156,10.450000762939453,"{""type"":""MultiPoint"",""coordinates"":[]}"
200612,2006-12-01,73.5719985961914,8.151000022888184,"{""type"":""MultiPoint"",""coordinates"":[]}"
200701,2007-01-01,100.36499786376953,6.766000270843506,"{""type"":""MultiPoint"",""coordinates"":[]}"
200702,2007-02-01,58.564998626708984,3.372000217437744,"{""type"":""MultiPoint"",""coordinates"":[]}"
200703,2007-03-01,87.56400299072266,11.969000816345215,"{""type"":""MultiPoint"",""coordinates"":[]}"
200704,2007-04-01,95.81600189208984,14.579000473022461,"{""type"":""MultiPoint"",""coordinates"":[]}"
200705,2007-05-01,85.01599884033203,19.25,"{""type"":""MultiPoint"",""coordinates"":[]}"
200706,2007-06-01,83.78199768066406,23.690000534057617,"{""type"":""MultiPoint"",""coordinates"":[]}"
200707,2007-07-01,69.51300048828125,24.988000869750977,"{""type"":""MultiPoint"",""coordinates"":[]}"
200708,2007-08-01,18.597999572753906,28.136001586914062,"{""type"":""MultiPoint"",""coordinates"":[]}"
200709,2007-09-01,26.474000930786133,23.226001739501953,"{""type"":""MultiPoint"",""coordinates"":[]}"
200710,2007-10-01,120.53600311279297,18.540000915527344,"{""type"":""MultiPoint"",""coordinates"":[]}"
200711,2007-11-01,18.86199951171875,9.75100040435791,"{""type"":""MultiPoint"",""coordinates"":[]}"
200712,2007-12-01,106.37799835205078,8.277000427246094,"{""type"":""MultiPoint"",""coordinates"":[]}"
200801,2008-01-01,33.12799835205078,4.383000373840332,"{""type"":""MultiPoint"",""coordinates"":[]}"
200802,2008-02-01,83.25,7.470000267028809,"{""type"":""MultiPoint"",""coordinates"":[]}"
200803,2008-03-01,121.50299835205078,10.468000411987305,"{""type"":""MultiPoint"",""coordinates"":[]}"
200804,2008-04-01,138.00100708007812,14.822000503540039,"{""type"":""MultiPoint"",""coordinates"":[]}"
200805,2008-05-01,95.26699829101562,18.102001190185547,"{""type"":""MultiPoint"",""coordinates"":[]}"
200806,2008-06-01,93.28399658203125,25.73000144958496,"{""type"":""MultiPoint"",""coordinates"":[]}"
200807,2008-07-01,126.697998046875,25.03700065612793,"{""type"":""MultiPoint"",""coordinates"":[]}"
200808,2008-08-01,177.05599975585938,24.898000717163086,"{""type"":""MultiPoint"",""coordinates"":[]}"
200809,2008-09-01,230.5279998779297,21.900001525878906,"{""type"":""MultiPoint"",""coordinates"":[]}"
200810,2008-10-01,30.06800079345703,14.733000755310059,"{""type"":""MultiPoint"",""coordinates"":[]}"
200811,2008-11-01,81.76200103759766,8.766000747680664,"{""type"":""MultiPoint"",""coordinates"":[]}"
200812,2008-12-01,113.21399688720703,7.52400016784668,"{""type"":""MultiPoint"",""coordinates"":[]}"
200901,2009-01-01,57.26900100708008,3.5810000896453857,"{""type"":""MultiPoint"",""coordinates"":[]}"
200902,2009-02-01,29.540000915527344,6.2210001945495605,"{""type"":""MultiPoint"",""coordinates"":[]}"
200903,2009-03-01,179.38299560546875,9.345000267028809,"{""type"":""MultiPoint"",""coordinates"":[]}"
200904,2009-04-01,58.641998291015625,15.255001068115234,"{""type"":""MultiPoint"",""coordinates"":[]}"
200905,2009-05-01,84.5989990234375,20.167001724243164,"{""type"":""MultiPoint"",""coordinates"":[]}"
200906,2009-06-01,138.6230010986328,24.299001693725586,"{""type"":""MultiPoint"",""coordinates"":[]}"
200907,2009-07-01,66.71600341796875,24.643001556396484,"{""type"":""MultiPoint"",""coordinates"":[]}"
200908,2009-08-01,87.65899658203125,26.102001190185547,"{""type"":""MultiPoint"",""coordinates"":[]}"
200909,2009-09-01,73.89399719238281,21.099000930786133,"{""type"":""MultiPoint"",""coordinates"":[]}"
200910,2009-10-01,58.09600067138672,14.890000343322754,"{""type"":""MultiPoint"",""coordinates"":[]}"
200911,2009-11-01,208.968994140625,11.273000717163086,"{""type"":""MultiPoint"",""coordinates"":[]}"
200912,2009-12-01,192.7790069580078,4.311000347137451,"{""type"":""MultiPoint"",""coordinates"":[]}"
201001,2010-01-01,125.62799835205078,2.6450002193450928,"{""type"":""MultiPoint"",""coordinates"":[]}"
201002,2010-02-01,94.96399688720703,2.385000228881836,"{""type"":""MultiPoint"",""coordinates"":[]}"
201003,2010-03-01,69.08999633789062,10.047000885009766,"{""type"":""MultiPoint"",""coordinates"":[]}"
201004,2010-04-01,21.295000076293945,16.400001525878906,"{""type"":""MultiPoint"",""coordinates"":[]}"
201005,2010-05-01,163.9550018310547,21.280000686645508,"{""type"":""MultiPoint"",""coordinates"":[]}"
201006,2010-06-01,73.58799743652344,26.41900062561035,"{""type"":""MultiPoint"",""coordinates"":[]}"
201007,2010-07-01,89.80899810791016,26.802001953125,"{""type"":""MultiPoint"",""coordinates"":[]}"
201008,2010-08-01,72.24099731445312,26.317001342773438,"{""type"":""MultiPoint"",""coordinates"":[]}"
201009,2010-09-01,142.66000366210938,24.290000915527344,"{""type"":""MultiPoint"",""coordinates"":[]}"
201010,2010-10-01,69.21800231933594,16.498001098632812,"{""type"":""MultiPoint"",""coordinates"":[]}"
201011,2010-11-01,35.308998107910156,9.857000350952148,"{""type"":""MultiPoint"",""coordinates"":[]}"
201012,2010-12-01,53.44900131225586,0.9970000386238098,"{""type"":""MultiPoint"",""coordinates"":[]}"
201101,2011-01-01,33.630001068115234,2.452000141143799,"{""type"":""MultiPoint"",""coordinates"":[]}"
201102,2011-02-01,42.97999954223633,7.014000415802002,"{""type"":""MultiPoint"",""coordinates"":[]}"
201103,2011-03-01,113.2040023803711,10.104000091552734,"{""type"":""MultiPoint"",""coordinates"":[]}"
201104,2011-04-01,82.68599700927734,16.17500114440918,"{""type"":""MultiPoint"",""coordinates"":[]}"
201105,2011-05-01,134.48500061035156,19.996000289916992,"{""type"":""MultiPoint"",""coordinates"":[]}"
201106,2011-06-01,63.2140007019043,25.522001266479492,"{""type"":""MultiPoint"",""coordinates"":[]}"
201107,2011-07-01,125.69400024414062,27.571001052856445,"{""type"":""MultiPoint"",""coordinates"":[]}"
201108,2011-08-01,72.89600372314453,25.98600196838379,"{""type"":""MultiPoint"",""coordinates"":[]}"
201109,2011-09-01,148.75999450683594,22.25200080871582,"{""type"":""MultiPoint"",""coordinates"":[]}"
201110,2011-10-01,78.21299743652344,14.712000846862793,"{""type"":""MultiPoint"",""coordinates"":[]}"
201111,2011-11-01,109.83899688720703,11.309000968933105,"{""type"":""MultiPoint"",""coordinates"":[]}"
201112,2011-12-01,65.1989974975586,8.087000846862793,"{""type"":""MultiPoint"",""coordinates"":[]}"
201201,2012-01-01,45.48099899291992,6.253000259399414,"{""type"":""MultiPoint"",""coordinates"":[]}"
201202,2012-02-01,49.36600112915039,7.128000259399414,"{""type"":""MultiPoint"",""coordinates"":[]}"
201203,2012-03-01,123.71600341796875,14.714000701904297,"{""type"":""MultiPoint"",""coordinates"":[]}"
201204,2012-04-01,64.73699951171875,14.723000526428223,"{""type"":""MultiPoint"",""coordinates"":[]}"
201205,2012-05-01,119.60350036621094,21.323001861572266,"{""type"":""MultiPoint"",""coordinates"":[]}"
201206,2012-06-01,75.78099822998047,22.769001007080078,"{""type"":""MultiPoint"",""coordinates"":[]}"
201207,2012-07-01,150.36500549316406,27.740001678466797,"{""type"":""MultiPoint"",""coordinates"":[]}"
201208,2012-08-01,85.91300201416016,24.595001220703125,"{""type"":""MultiPoint"",""coordinates"":[]}"
201209,2012-09-01,220.2480010986328,21.078001022338867,"{""type"":""MultiPoint"",""coordinates"":[]}"
201210,2012-10-01,64.68000030517578,15.192000389099121,"{""type"":""MultiPoint"",""coordinates"":[]}"
201211,2012-11-01,11.25,7.635000228881836,"{""type"":""MultiPoint"",""coordinates"":[]}"
201212,2012-12-01,87.96969604492188,8.618000030517578,"{""type"":""MultiPoint"",""coordinates"":[]}"
201301,2013-01-01,93.17500305175781,5.996000289916992,"{""type"":""MultiPoint"",""coordinates"":[]}"
201302,2013-02-01,99.89299774169922,4.681000232696533,"{""type"":""MultiPoint"",""coordinates"":[]}"
201303,2013-03-01,61.14799880981445,6.328000068664551,"{""type"":""MultiPoint"",""coordinates"":[]}"
201304,2013-04-01,103.34700012207031,15.36500072479248,"{""type"":""MultiPoint"",""coordinates"":[]}"
201305,2013-05-01,128.27499389648438,18.332000732421875,"{""type"":""MultiPoint"",""coordinates"":[]}"
201306,2013-06-01,270.364990234375,23.748001098632812,"{""type"":""MultiPoint"",""coordinates"":[]}"
201307,2013-07-01,177.2550048828125,25.38800048828125,"{""type"":""MultiPoint"",""coordinates"":[]}"
201308,2013-08-01,129.47999572753906,23.73400115966797,"{""type"":""MultiPoint"",""coordinates"":[]}"
201309,2013-09-01,82.125,20.950000762939453,"{""type"":""MultiPoint"",""coordinates"":[]}"
201310,2013-10-01,71.88600158691406,16.00200080871582,"{""type"":""MultiPoint"",""coordinates"":[]}"
201311,2013-11-01,60.92499923706055,8.570000648498535,"{""type"":""MultiPoint"",""coordinates"":[]}"
201312,2013-12-01,133.61199951171875,6.86400032043457,"{""type"":""MultiPoint"",""coordinates"":[]}"
201401,2014-01-01,73.18099975585938,1.6570000648498535,"{""type"":""MultiPoint"",""coordinates"":[]}"
201402,2014-02-01,81.86599731445312,5.508000373840332,"{""type"":""MultiPoint"",""coordinates"":[]}"
201403,2014-03-01,138.79400634765625,6.528000354766846,"{""type"":""MultiPoint"",""coordinates"":[]}"
201404,2014-04-01,131.32200622558594,15.022000312805176,"{""type"":""MultiPoint"",""coordinates"":[]}"
201405,2014-05-01,131.97799682617188,20.172000885009766,"{""type"":""MultiPoint"",""coordinates"":[]}"
201406,2014-06-01,39.86800003051758,24.330001831054688,"{""type"":""MultiPoint"",""coordinates"":[]}"
201407,2014-07-01,96.52100372314453,25.21700096130371,"{""type"":""MultiPoint"",""coordinates"":[]}"
201408,2014-08-01,156.39300537109375,23.642000198364258,"{""type"":""MultiPoint"",""coordinates"":[]}"
201409,2014-09-01,73.37799835205078,21.851001739501953,"{""type"":""MultiPoint"",""coordinates"":[]}"
201410,2014-10-01,57.12900161743164,16.565000534057617,"{""type"":""MultiPoint"",""coordinates"":[]}"
201411,2014-11-01,94.677001953125,7.151000499725342,"{""type"":""MultiPoint"",""coordinates"":[]}"
201412,2014-12-01,118.10199737548828,6.797000408172607,"{""type"":""MultiPoint"",""coordinates"":[]}"
201501,2015-01-01,83.63400268554688,3.5390002727508545,"{""type"":""MultiPoint"",""coordinates"":[]}"
201502,2015-02-01,84.49700164794922,0.9310000538825989,"{""type"":""MultiPoint"",""coordinates"":[]}"
201503,2015-03-01,88.59300231933594,9.504000663757324,"{""type"":""MultiPoint"",""coordinates"":[]}"
201504,2015-04-01,107.80799865722656,15.427000999450684,"{""type"":""MultiPoint"",""coordinates"":[]}"
201505,2015-05-01,36.904998779296875,20.73400115966797,"{""type"":""MultiPoint"",""coordinates"":[]}"
201506,2015-06-01,145.40199279785156,25.476001739501953,"{""type"":""MultiPoint"",""coordinates"":[]}"
201507,2015-07-01,101.36900329589844,25.94700050354004,"{""type"":""MultiPoint"",""coordinates"":[]}"
201508,2015-08-01,68.86699676513672,25.031002044677734,"{""type"":""MultiPoint"",""coordinates"":[]}"
201509,2015-09-01,147.91600036621094,22.24700164794922,"{""type"":""MultiPoint"",""coordinates"":[]}"
201510,2015-10-01,146.65199279785156,15.05000114440918,"{""type"":""MultiPoint"",""coordinates"":[]}"
201511,2015-11-01,160.3040008544922,12.219000816345215,"{""type"":""MultiPoint"",""coordinates"":[]}"
201512,2015-12-01,243.72900390625,12.194000244140625,"{""type"":""MultiPoint"",""coordinates"":[]}"
201601,2016-01-01,59.819000244140625,3.0450000762939453,"{""type"":""MultiPoint"",""coordinates"":[]}"
201602,2016-02-01,112.41300201416016,5.784000396728516,"{""type"":""MultiPoint"",""coordinates"":[]}"
201603,2016-03-01,106.50900268554688,13.605000495910645,"{""type"":""MultiPoint"",""coordinates"":[]}"
201604,2016-04-01,86.11900329589844,15.034000396728516,"{""type"":""MultiPoint"",""coordinates"":[]}"
201605,2016-05-01,146.6999969482422,18.623001098632812,"{""type"":""MultiPoint"",""coordinates"":[]}"
201606,2016-06-01,144.7449951171875,23.90300178527832,"{""type"":""MultiPoint"",""coordinates"":[]}"
201607,2016-07-01,156.7830047607422,26.876001358032227,"{""type"":""MultiPoint"",""coordinates"":[]}"
201608,2016-08-01,110.5999984741211,26.81800079345703,"{""type"":""MultiPoint"",""coordinates"":[]}"
201609,2016-09-01,178.08700561523438,24.148000717163086,"{""type"":""MultiPoint"",""coordinates"":[]}"
201610,2016-10-01,148.9980010986328,17.35500144958496,"{""type"":""MultiPoint"",""coordinates"":[]}"
201611,2016-11-01,19.472999572753906,10.74000072479248,"{""type"":""MultiPoint"",""coordinates"":[]}"
201612,2016-12-01,41.79899978637695,6.428000450134277,"{""type"":""MultiPoint"",""coordinates"":[]}"
201701,2017-01-01,108.50399780273438,6.567000389099121,"{""type"":""MultiPoint"",""coordinates"":[]}"
201702,2017-02-01,26.261999130249023,10.271000862121582,"{""type"":""MultiPoint"",""coordinates"":[]}"
201703,2017-03-01,65.20999908447266,9.984000205993652,"{""type"":""MultiPoint"",""coordinates"":[]}"
201704,2017-04-01,191.65499877929688,18.190000534057617,"{""type"":""MultiPoint"",""coordinates"":[]}"
201705,2017-05-01,151.93800354003906,19.843000411987305,"{""type"":""MultiPoint"",""coordinates"":[]}"
201706,2017-06-01,149.42999267578125,23.385000228881836,"{""type"":""MultiPoint"",""coordinates"":[]}"
201707,2017-07-01,70.24500274658203,26.632001876831055,"{""type"":""MultiPoint"",""coordinates"":[]}"
201708,2017-08-01,71.89099884033203,24.933000564575195,"{""type"":""MultiPoint"",""coordinates"":[]}"
201709,2017-09-01,62.63600158691406,22.012001037597656,"{""type"":""MultiPoint"",""coordinates"":[]}"
201710,2017-10-01,58.457000732421875,17.518001556396484,"{""type"":""MultiPoint"",""coordinates"":[]}"
201711,2017-11-01,30.565000534057617,9.483000755310059,"{""type"":""MultiPoint"",""coordinates"":[]}"
201712,2017-12-01,49.45000076293945,5.419000148773193,"{""type"":""MultiPoint"",""coordinates"":[]}"
201801,2018-01-01,113.68399810791016,1.8700001239776611,"{""type"":""MultiPoint"",""coordinates"":[]}"
201802,2018-02-01,54.981998443603516,10.12700080871582,"{""type"":""MultiPoint"",""coordinates"":[]}"
201803,2018-03-01,116.63999938964844,7.326000213623047,"{""type"":""MultiPoint"",""coordinates"":[]}"
201804,2018-04-01,147.88800048828125,13.713000297546387,"{""type"":""MultiPoint"",""coordinates"":[]}"
201805,2018-05-01,151.73300170898438,22.511001586914062,"{""type"":""MultiPoint"",""coordinates"":[]}"
201806,2018-06-01,91.8030014038086,25.034000396728516,"{""type"":""MultiPoint"",""coordinates"":[]}"
201807,2018-07-01,170.97500610351562,25.663002014160156,"{""type"":""MultiPoint"",""coordinates"":[]}"
201808,2018-08-01,206.9219970703125,25.453001022338867,"{""type"":""MultiPoint"",""coordinates"":[]}"
201809,2018-09-01,276.2760009765625,24.6510009765625,"{""type"":""MultiPoint"",""coordinates"":[]}"
201810,2018-10-01,133.2030029296875,16.45400047302246,"{""type"":""MultiPoint"",""coordinates"":[]}"
201811,2018-11-01,204.8560028076172,8.437000274658203,"{""type"":""MultiPoint"",""coordinates"":[]}"
201812,2018-12-01,162.03199768066406,6.898000240325928,"{""type"":""MultiPoint"",""coordinates"":[]}"
201901,2019-01-01,94.98600006103516,5.5420002937316895,"{""type"":""MultiPoint"",""coordinates"":[]}"
201902,2019-02-01,144.78399658203125,7.6650004386901855,"{""type"":""MultiPoint"",""coordinates"":[]}"
201903,2019-03-01,89.04000091552734,8.850000381469727,"{""type"":""MultiPoint"",""coordinates"":[]}"
201904,2019-04-01,169.3509979248047,16.100399017333984,"{""type"":""MultiPoint"",""coordinates"":[]}"
201905,2019-05-01,38.15599822998047,22.650999069213867,"{""type"":""MultiPoint"",""coordinates"":[]}"
201906,2019-06-01,172.1540069580078,23.887399673461914,"{""type"":""MultiPoint"",""coordinates"":[]}"
201907,2019-07-01,104.56500244140625,27.00189971923828,"{""type"":""MultiPoint"",""coordinates"":[]}"
201908,2019-08-01,116.44999694824219,25.477399826049805,"{""type"":""MultiPoint"",""coordinates"":[]}"
201909,2019-09-01,13.133999824523926,24.722000122070312,"{""type"":""MultiPoint"",""coordinates"":[]}"
201910,2019-10-01,94.2770004272461,18.032400131225586,"{""type"":""MultiPoint"",""coordinates"":[]}"
201911,2019-11-01,85.60600280761719,7.993000030517578,"{""type"":""MultiPoint"",""coordinates"":[]}"
201912,2019-12-01,87.62000274658203,7.485999584197998,"{""type"":""MultiPoint"",""coordinates"":[]}"
202001,2020-01-01,106.8280029296875,7.574000358581543,"{""type"":""MultiPoint"",""coordinates"":[]}"
202002,2020-02-01,154.08099365234375,8.097899436950684,"{""type"":""MultiPoint"",""coordinates"":[]}"
202003,2020-03-01,50.47600173950195,13.339900016784668,"{""type"":""MultiPoint"",""coordinates"":[]}"
202004,2020-04-01,140.0330047607422,14.299399375915527,"{""type"":""MultiPoint"",""coordinates"":[]}"
202005,2020-05-01,205.11199951171875,17.733999252319336,"{""type"":""MultiPoint"",""coordinates"":[]}"
202006,2020-06-01,91.71399688720703,23.569000244140625,"{""type"":""MultiPoint"",""coordinates"":[]}"
202007,2020-07-01,84.68099975585938,27.125999450683594,"{""type"":""MultiPoint"",""coordinates"":[]}"
202008,2020-08-01,163.53500366210938,26.106998443603516,"{""type"":""MultiPoint"",""coordinates"":[]}"
202009,2020-09-01,184.0,21.15989875793457,"{""type"":""MultiPoint"",""coordinates"":[]}"
202010,2020-10-01,122.20999908447266,17.461000442504883,"{""type"":""MultiPoint"",""coordinates"":[]}"
202011,2020-11-01,131.0970001220703,12.272899627685547,"{""type"":""MultiPoint"",""coordinates"":[]}"
202012,2020-12-01,170.51199340820312,5.664000034332275,"{""type"":""MultiPoint"",""coordinates"":[]}"
202101,2021-01-01,110.53450012207031,4.3078999519348145,"{""type"":""MultiPoint"",""coordinates"":[]}"
202102,2021-02-01,183.0814971923828,4.566499710083008,"{""type"":""MultiPoint"",""coordinates"":[]}"
202103,2021-03-01,64.16680145263672,11.491199493408203,"{""type"":""MultiPoint"",""coordinates"":[]}"
202104,2021-04-01,55.258697509765625,15.187399864196777,"{""type"":""MultiPoint"",""coordinates"":[]}"
202105,2021-05-01,43.340797424316406,19.034500122070312,"{""type"":""MultiPoint"",""coordinates"":[]}"
202106,2021-06-01,136.881591796875,23.756898880004883,"{""type"":""MultiPoint"",""coordinates"":[]}"
202107,2021-07-01,147.57080078125,25.74249839782715,"{""type"":""MultiPoint"",""coordinates"":[]}"
202108,2021-08-01,121.42919921875,26.192699432373047,"{""type"":""MultiPoint"",""coordinates"":[]}"
202109,2021-09-01,90.6189956665039,22.16269874572754,"{""type"":""MultiPoint"",""coordinates"":[]}"
202110,2021-10-01,94.36609649658203,18.215299606323242,"{""type"":""MultiPoint"",""coordinates"":[]}"
202111,2021-11-01,16.811899185180664,8.567099571228027,"{""type"":""MultiPoint"",""coordinates"":[]}"
202112,2021-12-01,38.877899169921875,10.116799354553223,"{""type"":""MultiPoint"",""coordinates"":[]}"
202201,2022-01-01,162.2733917236328,3.2860000133514404,"{""type"":""MultiPoint"",""coordinates"":[]}"
202202,2022-02-01,46.007598876953125,7.047099590301514,"{""type"":""MultiPoint"",""coordinates"":[]}"
202203,2022-03-01,121.83519744873047,11.397699356079102,"{""type"":""MultiPoint"",""coordinates"":[]}"
202204,2022-04-01,77.25469970703125,15.39069938659668,"{""type"":""MultiPoint"",""coordinates"":[]}"
202205,2022-05-01,139.52110290527344,20.614198684692383,"{""type"":""MultiPoint"",""coordinates"":[]}"
202206,2022-06-01,44.06749725341797,24.528200149536133,"{""type"":""MultiPoint"",""coordinates"":[]}"
202207,2022-07-01,192.0072021484375,27.001399993896484,"{""type"":""MultiPoint"",""coordinates"":[]}"
202208,2022-08-01,71.0469970703125,25.36949920654297,"{""type"":""MultiPoint"",""coordinates"":[]}"
202209,2022-09-01,61.94889831542969,21.784799575805664,"{""type"":""MultiPoint"",""coordinates"":[]}"
202210,2022-10-01,102.66009521484375,14.116600036621094,"{""type"":""MultiPoint"",""coordinates"":[]}"
202211,2022-11-01,131.810302734375,11.54539966583252,"{""type"":""MultiPoint"",""coordinates"":[]}"
202212,2022-12-01,100.33429718017578,4.547100067138672,"{""type"":""MultiPoint"",""coordinates"":[]}"
202301,2023-01-01,95.25920104980469,7.956999778747559,"{""type"":""MultiPoint"",""coordinates"":[]}"
202302,2023-02-01,65.87889862060547,10.138699531555176,"{""type"":""MultiPoint"",""coordinates"":[]}"
202303,2023-03-01,94.89640045166016,10.95419979095459,"{""type"":""MultiPoint"",""coordinates"":[]}"
202304,2023-04-01,190.63369750976562,15.814099311828613,"{""type"":""MultiPoint"",""coordinates"":[]}"
202305,2023-05-01,73.99349975585938,17.931598663330078,"{""type"":""MultiPoint"",""coordinates"":[]}"
202306,2023-06-01,150.1324920654297,22.055099487304688,"{""type"":""MultiPoint"",""coordinates"":[]}"
202307,2023-07-01,100.77149963378906,26.59119987487793,"{""type"":""MultiPoint"",""coordinates"":[]}"
202308,2023-08-01,103.42869567871094,25.68470001220703,"{""type"":""MultiPoint"",""coordinates"":[]}"
202309,2023-09-01,105.21509552001953,21.650598526000977,"{""type"":""MultiPoint"",""coordinates"":[]}"
202310,2023-10-01,43.75699996948242,16.393798828125,"{""type"":""MultiPoint"",""coordinates"":[]}"
202311,2023-11-01,44.575599670410156,9.680699348449707,"{""type"":""MultiPoint"",""coordinates"":[]}"
202312,2023-12-01,185.49510192871094,7.726399898529053,"{""type"":""MultiPoint"",""coordinates"":[]}"
202401,2024-01-01,198.0782928466797,5.281099796295166,"{""type"":""MultiPoint"",""coordinates"":[]}"
202402,2024-02-01,40.23270034790039,7.810799598693848,"{""type"":""MultiPoint"",""coordinates"":[]}"
202403,2024-03-01,159.26039123535156,11.988899230957031,"{""type"":""MultiPoint"",""coordinates"":[]}"
202404,2024-04-01,27.68109893798828,16.65359878540039,"{""type"":""MultiPoint"",""coordinates"":[]}"
202405,2024-05-01,138.57579040527344,21.07360076904297,"{""type"":""MultiPoint"",""coordinates"":[]}"
202406,2024-06-01,5.529799938201904,25.421749114990234,"{""type"":""MultiPoint"",""coordinates"":[]}"
202407,2024-07-01,274.4638977050781,26.85154914855957,"{""type"":""MultiPoint"",""coordinates"":[]}"
202408,2024-08-01,201.32308959960938,24.874698638916016,"{""type"":""MultiPoint"",""coordinates"":[]}"
202409,2024-09-01,278.5256042480469,21.97144889831543,"{""type"":""MultiPoint"",""coordinates"":[]}"
202410,2024-10-01,10.97819995880127,16.239749908447266,"{""type"":""MultiPoint"",""coordinates"":[]}"
202411,2024-11-01,45.71139907836914,12.52134895324707,"{""type"":""MultiPoint"",""coordinates"":[]}"
202412,2024-12-01,95.40570068359375,5.876150131225586,"{""type"":""MultiPoint"",""coordinates"":[]}"
202501,2025-01-01,39.055599212646484,1.9075000286102295,"{""type"":""MultiPoint"",""coordinates"":[]}"
202502,2025-02-01,104.58189392089844,7.03154993057251,"{""type"":""MultiPoint"",""coordinates"":[]}"
202503,2025-03-01,73.6021957397461,12.132599830627441,"{""type"":""MultiPoint"",""coordinates"":[]}"
202504,2025-04-01,74.2594985961914,17.530750274658203,"{""type"":""MultiPoint"",""coordinates"":[]}"
202505,2025-05-01,214.6451873779297,20.235599517822266,"{""type"":""MultiPoint"",""coordinates"":[]}"
