distance_m,mardepth_m,octdepth_m,width_m,habitat,octavg_depth,maravg_depth,oct_xcarea,mar_xcarea,oct_width,mar_width
0,1.32,0.71,12,pool,0.4649026078172683,0.8982428179742667,5.947430216753639,12.21393158684835,13.36344783586836,16.67919174662775
50,0.38,0.1,15,riffle,0.03156239766026997,0.23047265806020362,-0.3190711533410715,2.557355705063058,10.047703925108967,11.569684736605081
65,0.635,0.2025,14,run,0.10437776084238856,0.4116230737815718,0.7339065358961545,5.176958736823962,10.604857615031653,12.955774404217614
100,0.89,0.305,13,run,0.17719312402450713,0.59277348950294,1.7868842251333803,7.796561768584866,11.162011304954337,14.341864071830148
150,0.915,0.94,19,run,0.628293178860071,0.6105333341815056,8.310209421871317,8.053385595228091,14.613646359597311,14.477755215713728
161,1.0166666666666666,1.0066666666666666,18.4,pool,0.6756527646695789,0.6827567025410051,8.995072959586585,9.097802490243875,14.976022743286862,15.030379200840294
190,1.1183333333333334,1.0733333333333333,17.8,pool,0.7230123504790869,0.754980070900505,9.679936497301854,10.142219385259661,15.338399126976412,15.58300318596686
200,1.22,1.14,17.2,pool,0.770371936288595,0.8272034392600047,10.364800035017122,11.186636280275446,15.700775510665963,16.135627171093425
250,1.205,0.79,21,pool,0.5217341107886779,0.8165475324528655,6.769266462011963,11.032541984289512,13.79829949629582,16.054092484763274
270,0.805,0.45,16.7,riffle,0.28020022316018706,0.5323900175958174,3.2764624196640906,6.923360757997898,11.95017993947911,13.87983418262597
300,0.405,0.11,12.4,riffle,0.03866633553169617,0.24823250273876918,-0.2163416226837811,2.8141795317062837,10.102060382662401,11.705575880488663
310,0.35250000000000004,0.08499999999999999,13,run,0.020906490853130663,0.21093682891378163,-0.473165449327007,2.27484949575551,9.96616923877882,11.420204478333142
350,0.3,0.06,13.6,run,0.003146646174565157,0.17364115508879402,-0.7299892759702329,1.7355194598047354,9.830278094895238,11.134833076177621
390,0.35250000000000004,0.065,12.05,riffle,0.006698615110278264,0.21093682891378163,-0.6786245106415876,2.27484949575551,9.857456323671954,11.420204478333142
400,0.405,0.07,10.5,riffle,0.010250584045991364,0.24823250273876918,-0.6272597453129424,2.8141795317062837,9.88463455244867,11.705575880488663
422,0.775,0.55,10.9,pool,0.35123960187444914,0.5110782039815387,4.303757726236994,6.615172166026026,12.493744515013438,13.716764809965671
450,1.145,1.03,11.3,run,0.6922286197029068,0.7739239052243081,9.23477519778693,10.416164800345769,15.102854477578205,15.727953739442679
463,0.9025,0.915,16.65,run,0.6105333341815056,0.6016534118422228,8.053385595228091,7.9249736819064776,14.477755215713728,14.409809643771936
500,0.66,0.8,22,pool,0.5288380486601041,0.4293829184601373,6.871995992669252,5.4337825634671875,13.852655953849254,13.091665548101197
510,0.5025,0.425,17.4,run,0.26244037848162155,0.3174958969851746,3.019638593020864,3.815792455614864,11.814288795595528,12.235551341634633
550,0.345,0.05,12.8,riffle,-0.003957291696861043,0.20560887551021192,-0.8327188066275232,2.1978023477625417,9.775921637341805,11.379437135168068
585,0.3125,0.065,14.2,riffle,0.006698615110278264,0.18252107742807677,-0.6786245106415876,1.8639313731263483,9.857456323671954,11.202778648119413
600,0.28,0.08,15.6,riffle,0.017354521917417563,0.15943327934594162,-0.5245302146556521,1.530060398490155,9.938991010002102,11.026120161070756
606,0.5975,0.2725,13.85,pool,0.15410532594237197,0.38498330676372355,1.453013250497187,4.791722996859123,10.985352817905682,12.751937688392243
650,0.915,0.465,12.1,run,0.2908561299673264,0.6105333341815056,3.4305567156500256,8.053385595228091,12.03171462580926,14.477755215713728
666,0.775,0.37625,11.975,run,0.2278086813584188,0.5110782039815387,2.518832131066574,6.615172166026026,11.549301065022544,13.716764809965671
676,0.635,0.2875,11.85,riffle,0.16476123274951124,0.4116230737815718,1.6071075464831222,5.176958736823962,11.06688750423583,12.955774404217614
683,0.495,0.19875,11.725,run,0.10171378414060372,0.312167943581605,0.6953829618996707,3.7387453076218966,10.584473943449115,12.194783998469557
700,0.355,0.11,11.6,riffle,0.03866633553169617,0.2127128133816381,-0.2163416226837811,2.3005318784198323,10.102060382662401,11.4337935927215
722,0.32,0.10166666666666668,12.233333333333333,riffle,0.032746387305507677,0.18784903083164642,-0.3019495648981896,1.9409785211193162,10.056763334701207,11.243545991284487
746,0.28500000000000003,0.09333333333333334,12.866666666666667,run,0.02682643907931917,0.16298524828165473,-0.3875575071125983,1.5814251638188,10.011466286740013,11.053298389847471
750,0.25,0.085,13.5,riffle,0.02090649085313067,0.138121465731663,-0.4731654493270069,1.2218718065182836,9.96616923877882,10.863050788410458
800,0.3670000000000001,0.15,13,run,0.06708208701740098,0.22123753882734964,0.1945764999453803,2.423807315208582,10.31948621287613,11.499021341785621
814,0.45633333333333337,0.18,14.5,run,0.0883939006316796,0.28469938381209037,0.5027650919172513,3.3415244557470407,10.48255558553643,11.984605695929618
816,0.5456666666666667,0.21,16,pool,0.10970571424595818,0.3481612287968311,0.810953683889122,4.259241596285502,10.645624958196727,12.470190050073617
850,0.635,0.24,17.5,run,0.1310175278602368,0.4116230737815718,1.119142275860993,5.176958736823962,10.808694330857024,12.955774404217614
860,0.855,0.49666666666666665,15.5,riffle,0.3133519332268426,0.5679097069529482,3.755866896064778,7.437008411284349,12.203843408061797,14.151616470393133
870,1.075,0.7533333333333333,13.5,run,0.4956863385934485,0.7241963401243248,6.392591516268563,9.697058085744736,13.598992485266567,15.34745853656865
900,1.295,1.01,11.5,run,0.6780207439600543,0.8804829732957011,9.02931613647235,11.957107760205123,14.994141562471338,16.543300602744168
927,0.8775,0.6925,14.5,riffle,0.45247071654227244,0.5838935671636571,5.767653538103381,7.668149855263252,13.268324035149853,14.273918499888357
950,0.46,0.375,17.5,run,0.22692068912449054,0.28730416103161327,2.5059909397344127,3.379191950321381,11.542506507828366,12.004536397032544
1000,0.585,0.185,17.3,run,0.0919458695673927,0.37610338442444075,0.5541298572458964,4.66331108353751,10.509733814313146,12.683992116450451
1005,0.7133333333333333,0.49666666666666665,17.066666666666666,riffle,0.3133519332268426,0.46727058710774366,3.755866896064778,5.981673393639402,12.203843408061797,13.381566655052836
1020,0.8416666666666666,0.8083333333333333,16.833333333333336,pool,0.5347579968862926,0.5584377897910466,6.957603934883661,7.300035703741294,13.897953001810446,14.079141193655222
1050,0.97,1.12,16.6,pool,0.7561640605457427,0.6496049924743497,10.159340973702545,8.618398013843187,15.5920625955591,14.776715732257607
1100,1.02,1.23,17.4,run,0.8343073771314309,0.6851246818314807,11.289365810932736,9.13204566712964,16.189983628646857,15.048498020024772
1109,0.8066666666666666,0.8233333333333334,15.366666666666667,run,0.545413903693432,0.5335740072410549,7.111698230869596,6.940482346440779,13.979487688140596,13.888893592218208
1127,0.5933333333333334,0.41666666666666674,13.333333333333334,riffle,0.2565204302554331,0.3820233326506293,2.9340306508064566,4.748919025751919,11.768991747634335,12.729289164411645
1150,0.38,0.01,11.3,riffle,-0.032373043182565855,0.23047265806020362,-1.2436369292566845,2.557355705063058,9.558495807128073,11.569684736605081
1177,0.495,0.18,11.25,run,0.0883939006316796,0.312167943581605,0.5027650919172513,3.7387453076218966,10.48255558553643,12.194783998469557
1200,0.61,0.35,11.2,run,0.209160844445925,0.3938632291030063,2.249167113091187,4.920134910180735,11.406615363944784,12.819883260334032
1250,0.61,0.125,12,run,0.049322242338835476,0.3938632291030063,-0.062247326697845606,4.920134910180735,10.183595068992549,12.819883260334032
1300,0.46,0.11,12.2,run,0.03866633553169617,0.28730416103161327,-0.2163416226837811,3.379191950321381,10.102060382662401,12.004536397032544
1307,0.42,0.09,11.15,run,0.02445845978884377,0.2588884095459084,-0.4218006839983618,2.9682738276922187,9.993347467555536,11.787110566818813
1350,0.38,0.07,10.1,riffle,0.010250584045991364,0.23047265806020362,-0.6272597453129424,2.557355705063058,9.88463455244867,11.569684736605081
1400,0.405,0.185,11.3,run,0.0919458695673927,0.24823250273876918,0.5541298572458964,2.8141795317062837,10.509733814313146,11.705575880488663
1419,0.7033333333333334,0.28833333333333333,14.466666666666669,run,0.1653532275721301,0.46016664923631756,1.6156683407045633,5.878943862982113,11.07141720903195,13.327210197499404
1431,1.0016666666666667,0.39166666666666666,17.633333333333333,pool,0.23876058557686752,0.6721007957338658,2.67720682416323,8.94370819425794,11.633100603750753,14.948844514510146
1450,1.3,0.495,20.8,pool,0.312167943581605,0.8840349422314142,3.7387453076218966,12.008472525533769,12.194783998469557,16.570478831520887
1500,1.3,0.72,19.9,pool,0.47200654568869455,0.8840349422314142,6.050159747410929,12.008472525533769,13.417804293421792,16.570478831520887
1550,1.3,0.72,18.5,pool,0.47200654568869455,0.8840349422314142,6.050159747410929,12.008472525533769,13.417804293421792,16.570478831520887
1570,1.455,0.875,19,pool,0.5821175826958007,0.9941459792385203,7.642467472598929,13.60078025072177,14.260329385499997,17.413003923599092
1600,1.61,1.03,19.5,pool,0.6922286197029068,1.1042570162456267,9.23477519778693,15.193087975909771,15.102854477578205,18.255529015677297
1600,1.61,1.09,19.5,pool,0.734852246931464,1.1042570162456267,9.851152381730673,15.193087975909771,15.4289932228988,18.255529015677297
1650,0.805,0.575,13.9,run,0.36899944655301453,0.5323900175958174,4.560581552880219,6.923360757997898,12.629635658897019,13.87983418262597
1670,0.83875,0.53625,13.425,riffle,0.34147168730123806,0.5563658079118807,4.16250462158322,7.270072923966252,12.419004385877468,14.063287226868805
1682,0.8725,0.49749999999999994,12.95,run,0.3139439280494615,0.5803415982279441,3.764427690286219,7.6167850899346075,12.208373112857915,14.24674027111164
1695,0.90625,0.45875,12.475,riffle,0.286416168797685,0.6043173885440076,3.3663507589892188,7.963497255902961,11.997741839838364,14.430193315354476
1700,0.94,0.42,12,riffle,0.2588884095459084,0.628293178860071,2.9682738276922187,8.310209421871317,11.787110566818813,14.613646359597311
1700,0.94,0.42,12,riffle,0.2588884095459084,0.628293178860071,2.9682738276922187,8.310209421871317,11.787110566818813,14.613646359597311
1700,0.62,0.42,12,riffle,0.2588884095459084,0.4009671669744325,2.9682738276922187,5.022864440838026,11.787110566818813,12.874239717887466
1700,0.62,0.42,12,riffle,0.2588884095459084,0.4009671669744325,2.9682738276922187,5.022864440838026,11.787110566818813,12.874239717887466
1750,0.27,0.12,14.9,riffle,0.04577027340312237,0.15232934147451543,-0.11361209202649092,1.4273308678328644,10.156416840215833,10.971763703517324
1771,0.465,0.16249999999999998,14,run,0.07596200935668372,0.2908561299673264,0.3229884132669929,3.4305567156500256,10.387431784817922,12.03171462580926
1800,0.66,0.205,13.1,run,0.10615374531024507,0.4293829184601373,0.7595889185604772,5.4337825634671875,10.618446729420011,13.091665548101197
1848,0.505,0.1775,13,riffle,0.08661791616382303,0.31927188145303115,0.4770827092529286,3.8414748382791872,10.468966471148072,12.24914045602299
1850,0.35,0.15,12.9,riffle,0.06708208701740098,0.209160844445925,0.1945764999453803,2.249167113091187,10.31948621287613,11.406615363944784
1885,0.33999999999999997,0.135,12.25,run,0.05642618021026169,0.20205690657449882,0.040482203959444796,2.1464375824338964,10.237951526545983,11.352258906391352
1900,0.33,0.12,11.6,run,0.04577027340312237,0.19495296870307263,-0.11361209202649092,2.0437080517766066,10.156416840215833,11.297902448837918
1939,0.475,0.185,11.9,run,0.0919458695673927,0.29796006783875256,0.5541298572458964,3.5332862463073162,10.509733814313146,12.086071083362691
1950,0.62,0.25,12.2,riffle,0.138121465731663,0.4009671669744325,1.2218718065182836,5.022864440838026,10.863050788410458,12.874239717887466
2000,0.32,0.19,10,run,0.09549783850310578,0.18784903083164642,0.6054946225745417,1.9409785211193162,10.536912043089862,11.243545991284487
2008,0.355,0.28,9.45,riffle,0.15943327934594162,0.2127128133816381,1.530060398490155,2.3005318784198323,11.026120161070756,11.4337935927215
2050,0.39,0.37,8.9,riffle,0.22336872018877746,0.23757659593162983,2.4546261744057674,2.6600852357203486,11.51532827905165,11.624041194158515
2060,0.5466666666666666,0.3833333333333333,9.666666666666666,run,0.232840637350679,0.34887162258397364,2.591598881948821,4.269514549351229,11.58780355578956,12.47562569582896
2076,0.7033333333333334,0.39666666666666667,10.433333333333334,pool,0.24231255451258066,0.46016664923631756,2.7285715894918754,5.878943862982113,11.66027883252747,13.327210197499404
2100,0.86,0.41,11.2,run,0.2517844716744822,0.5714616758886613,2.865544297034929,7.488373176612994,11.732754109265379,14.178794699169849
2112,0.6799999999999999,0.29,10.733333333333333,riffle,0.1665372172173678,0.4435907942029897,1.6327899291474448,5.639241624781768,11.080476618624187,13.200378463208061
2118,0.5,0.16999999999999998,10.266666666666667,pool,0.08128996276025338,0.31571991251731807,0.40003556125996087,3.790110072950542,10.428199127982996,12.221962227246273
2150,0.32,0.05,9.8,riffle,-0.003957291696861043,0.18784903083164642,-0.8327188066275232,1.9409785211193162,9.775921637341805,11.243545991284487
2175,0.365,0.205,12.35,riffle,0.10615374531024507,0.21981675125306432,0.7595889185604772,2.403261409077122,10.618446729420011,11.488150050274934
2200,0.41,0.36,14.9,pool,0.21626478231735125,0.2517844716744822,2.3518966437484776,2.865544297034929,11.460971821498216,11.732754109265379
2250,1.3,1.11,20.4,pool,0.7490601226743165,0.8840349422314142,10.056611443045254,12.008472525533769,15.537706138005666,16.570478831520887
2296,0.97,0.79,17.6,pool,0.5217341107886779,0.6496049924743497,6.769266462011963,8.618398013843187,13.79829949629582,14.776715732257607
2300,0.64,0.47,14.8,run,0.29440809890303943,0.4151750427172849,3.481921480978671,5.228323502152607,12.058892854585975,12.98295263299433
2330,0.775,0.575,12.85,pool,0.36899944655301453,0.5110782039815387,4.560581552880219,6.615172166026026,12.629635658897019,13.716764809965671
2350,0.91,0.68,10.9,run,0.44359079420298975,0.6069813652457925,5.639241624781769,8.002020829899447,13.200378463208061,14.450576986937012
2361,0.71,0.475,9.2,riffle,0.29796006783875256,0.4649026078172683,3.5332862463073162,5.947430216753639,12.086071083362691,13.36344783586836
2400,0.51,0.27,7.5,riffle,0.15232934147451543,0.3228238503887443,1.4273308678328644,3.8928396036078325,10.971763703517324,12.276318684799707
2450,0.48,0.23,12.4,riffle,0.12391358998881061,0.30151203677446564,1.0164127452037033,3.5846510116359607,10.754337873303593,12.11324931213941
2500,0.41,0.18,11,riffle,0.0883939006316796,0.2517844716744822,0.5027650919172513,2.865544297034929,10.48255558553643,11.732754109265379
2506,0.495,0.19,10.4,run,0.09549783850310578,0.312167943581605,0.6054946225745417,3.7387453076218966,10.536912043089862,12.194783998469557
2550,0.58,0.2,9.8,run,0.102601776374532,0.37255141548872767,0.7082241532318319,4.611946318208864,10.591268500643295,12.656813887673735
2582,0.74,0.2075,10.5,riffle,0.10792972977810164,0.486214421431547,0.7852713012247994,6.25561880872551,10.632035843808369,13.526517208528658
2600,0.9,0.215,11.2,riffle,0.11325768318167129,0.5998774273743661,0.8623184492177673,7.899291299242156,10.672803186973443,14.39622052938358
2650,0.3,0.065,11,riffle,0.006698615110278264,0.17364115508879402,-0.6786245106415876,1.7355194598047354,9.857456323671954,11.134833076177621
2663,0.35,0.19625,11.6,riffle,0.09993779967274719,0.209160844445925,0.6697005792353481,2.249167113091187,10.570884829060757,11.406615363944784
2700,0.4,0.32749999999999996,12.2,riffle,0.19317698423521604,0.24468053380305604,2.0180256691122835,2.7628147663776383,11.28431333444956,11.678397651711947
2735,0.7050000000000001,0.45874999999999994,13.75,pool,0.28641616879768494,0.4613506388815553,3.3663507589892188,5.896065451424994,11.997741839838364,13.336269607091644
2750,1.01,0.59,15.3,pool,0.3796553533601539,0.6780207439600543,4.714675848866155,9.02931613647235,12.711170345227167,14.994141562471338
2800,0.96,0.56,15.2,pool,0.3583435397458753,0.6425010546029233,4.406487256894285,8.515668483185896,12.54810097256687,14.722359274704175
2842,0.815,0.4,13.15,riffle,0.24468053380305604,0.5394939554672433,2.7628147663776383,7.026090288655187,11.678397651711947,13.934190640179402
2850,0.67,0.24,11.1,riffle,0.1310175278602368,0.43648685633156353,1.119142275860993,5.536512094124478,10.808694330857024,13.146022005654629
2870,0.575,0.195,9.35,run,0.09904980743881889,0.36899944655301453,0.656859387903187,4.560581552880219,10.564090271866577,12.629635658897019
2900,0.48,0.15,7.6,riffle,0.06708208701740098,0.30151203677446564,0.1945764999453803,3.5846510116359607,10.31948621287613,12.11324931213941
2950,0.79,0.29,7.6,riffle,0.1665372172173678,0.5217341107886779,1.6327899291474448,6.769266462011963,11.080476618624187,13.79829949629582
2963,0.67,0.19,8.95,run,0.09549783850310578,0.43648685633156353,0.6054946225745417,5.536512094124478,10.536912043089862,13.146022005654629
3000,0.55,0.09,10.3,run,0.02445845978884377,0.35123960187444914,-0.4218006839983618,4.303757726236994,9.993347467555536,12.493744515013438
3010,0.5,0.095,13.133333333333333,run,0.028010428724556863,0.31571991251731807,-0.3704359186697166,3.790110072950542,10.020525696332252,12.221962227246273
3045,0.45000000000000007,0.1,15.966666666666669,riffle,0.03156239766026997,0.2802002231601871,-0.3190711533410715,3.2764624196640906,10.047703925108967,11.95017993947911
3050,0.4,0.105,18.8,riffle,0.03511436659598306,0.24468053380305604,-0.2677063880124264,2.7628147663776383,10.074882153885685,11.678397651711947
3100,0.36,0.05,11.6,riffle,-0.003957291696861043,0.21626478231735125,-0.8327188066275232,2.3518966437484776,9.775921637341805,11.460971821498216
3133,0.6,0.175,15.05,pool,0.08484193169596647,0.3867592912315801,0.45140032658860596,4.8174053795234455,10.455377356759712,12.7655268027806
3150,0.84,0.3,18.5,pool,0.17364115508879402,0.5572538001458089,1.7355194598047354,7.2829141152984125,11.134833076177621,14.070081784062983
3200,0.95,1.17,13.8,run,0.7916837499028735,0.6353971167314971,10.672988626988994,8.412938952528608,15.86384488332626,14.668002817150743
3212,0.745,0.6849999999999999,13.6,riffle,0.44714276313870277,0.48976639036726005,5.690606390110412,6.306983574054155,13.227556691984777,13.553695437305374
3250,0.54,0.2,13.4,riffle,0.102601776374532,0.3441356640030229,0.7082241532318319,4.2010281955797035,10.591268500643295,12.439388057460004
3300,0.37,0.19,12,riffle,0.09549783850310578,0.22336872018877746,0.6054946225745417,2.4546261744057674,10.536912043089862,11.51532827905165
3340,0.28500000000000003,0.13,12.6,riffle,0.05287421127454858,0.16298524828165473,-0.010882561369200294,1.5814251638188,10.210773297769267,11.053298389847471
3350,0.2,0.07,13.2,riffle,0.010250584045991364,0.102601776374532,-0.6272597453129424,0.7082241532318319,9.88463455244867,10.591268500643295
3376,0.6000000000000001,0.29500000000000004,14.9,pool,0.17008918615308094,0.38675929123158015,1.6841546944760906,4.817405379523446,11.107654847400905,12.7655268027806
3400,1,0.52,16.6,pool,0.3299277882601705,0.6709168060886281,3.995569134265123,8.926586605815059,12.33067514235314,14.939785104917906
3400,1,0.52,16.6,pool,0.3299277882601705,0.6709168060886281,3.995569134265123,8.926586605815059,12.33067514235314,14.939785104917906
3400,1,0.54,16.6,pool,0.3441356640030229,0.6709168060886281,4.2010281955797035,8.926586605815059,12.439388057460004,14.939785104917906
3400,1,0.54,16.6,pool,0.3441356640030229,0.6709168060886281,4.2010281955797035,8.926586605815059,12.439388057460004,14.939785104917906
3400,0.885,0.52,16.6,pool,0.3299277882601705,0.5892215205672269,3.995569134265123,7.745197003256219,12.33067514235314,14.31468584305343
3400,0.885,0.52,16.6,pool,0.3299277882601705,0.5892215205672269,3.995569134265123,7.745197003256219,12.33067514235314,14.31468584305343
3400,0.885,0.54,16.6,pool,0.3441356640030229,0.5892215205672269,4.2010281955797035,7.745197003256219,12.439388057460004,14.31468584305343
3400,0.885,0.54,16.6,pool,0.3441356640030229,0.5892215205672269,4.2010281955797035,7.745197003256219,12.439388057460004,14.31468584305343
3450,1.208,1.05,18.3,pool,0.7064364954457591,0.8186787138142932,9.44023425910151,11.063360843486697,15.211567392685069,16.070399422029304
3468,0.869,0.645,13.9,run,0.418727011652998,0.577855219972945,5.279688267481252,7.580829754204556,13.010130861771048,14.227715510967938
3500,0.53,0.24,9.5,run,0.1310175278602368,0.3370317261315967,1.119142275860993,4.098298664922413,10.808694330857024,12.385031599906572
3507,0.5066666666666667,0.2733333333333333,9.666666666666666,riffle,0.1546973207649908,0.3204558710982689,1.4615740447186274,3.8585964267220696,10.9898825227018,12.258199865615229
3530,0.48333333333333334,0.30666666666666664,9.833333333333334,riffle,0.1783771136697448,0.3038800160649411,1.8040058135762618,3.6188941885217245,11.171070714546577,12.131368131323885
3550,0.46,0.34,10,riffle,0.20205690657449885,0.28730416103161327,2.1464375824338973,3.379191950321381,11.352258906391352,12.004536397032544
3595,0.41,0.255,12.25,pool,0.1416734346673761,0.2517844716744822,1.273236571846929,2.865544297034929,10.890229017187174,11.732754109265379
3600,0.36,0.17,14.5,pool,0.0812899627602534,0.21626478231735125,0.4000355612599611,2.3518966437484776,10.428199127982996,11.460971821498216
3650,0.75,0.55,20.8,pool,0.35123960187444914,0.49331835930297313,4.303757726236994,6.3583483393828,12.493744515013438,13.58087366608209
3700,1.15,0.94,19.7,pool,0.628293178860071,0.7774758741600212,8.310209421871317,10.467529565674413,14.613646359597311,15.755131968219395
3744,0.8599999999999999,0.69,16.65,riffle,0.4506947320744159,0.5714616758886613,5.741971155439058,7.488373176612994,13.254734920761493,14.178794699169849
3750,0.57,0.44,13.6,riffle,0.27309628528876084,0.36544747761730145,3.1737328890068,4.509216787551574,11.895823481925678,12.602457430120301
3780,0.565,0.365,13.95,run,0.21981675125306432,0.3618955086815884,2.403261409077122,4.457852022222928,11.488150050274934,12.575279201343585
3800,0.56,0.29,14.3,pool,0.1665372172173678,0.3583435397458753,1.6327899291474448,4.406487256894285,11.080476618624187,12.54810097256687
3837,0.38,0.275,14.25,riffle,0.15588131041022854,0.23047265806020362,1.4786956331615098,2.557355705063058,10.99894193229404,11.569684736605081
3850,0.2,0.26,14.2,riffle,0.14522540360308922,0.102601776374532,1.3246013371755743,0.7082241532318319,10.91740724596389,10.591268500643295
3900,0.45,0.11,7,riffle,0.03866633553169617,0.28020022316018706,-0.2163416226837811,3.2764624196640906,10.102060382662401,11.95017993947911
3937,0.48,0.205,10.1,run,0.10615374531024507,0.30151203677446564,0.7595889185604772,3.5846510116359607,10.618446729420011,12.11324931213941
3950,0.51,0.3,13.2,run,0.17364115508879402,0.3228238503887443,1.7355194598047354,3.8928396036078325,11.134833076177621,12.276318684799707
3964,0.54,0.205,13.05,riffle,0.10615374531024507,0.3441356640030229,0.7595889185604772,4.2010281955797035,10.618446729420011,12.439388057460004
4000,0.57,0.11,12.9,run,0.03866633553169617,0.36544747761730145,-0.2163416226837811,4.509216787551574,10.102060382662401,12.602457430120301
4050,0.65,0.21,10.9,run,0.10970571424595818,0.4222789805887111,0.810953683889122,5.331053032809897,10.645624958196727,13.037309090547764
4057,0.5800000000000001,0.155,9.8,riffle,0.07063405595311409,0.3725514154887277,0.24594126527402538,4.611946318208865,10.346664441652848,12.656813887673735
4100,0.51,0.1,8.7,riffle,0.03156239766026997,0.3228238503887443,-0.3190711533410715,3.8928396036078325,10.047703925108967,12.276318684799707
4125,0.575,0.16,11.2,pool,0.07418602488882718,0.36899944655301453,0.2973060306026707,4.560581552880219,10.373842670429564,12.629635658897019
4150,0.64,0.22,13.7,run,0.1168096521173844,0.4151750427172849,0.9136832145464127,5.228323502152607,10.699981415750159,12.98295263299433
4200,0.67,0.18,11.4,run,0.0883939006316796,0.43648685633156353,0.5027650919172513,5.536512094124478,10.48255558553643,13.146022005654629
4250,0.51,0.34,12,riffle,0.20205690657449885,0.3228238503887443,2.1464375824338973,3.8928396036078325,11.352258906391352,12.276318684799707
4300,0.54,0.33,7.4,riffle,0.19495296870307263,0.3441356640030229,2.0437080517766066,4.2010281955797035,11.297902448837918,12.439388057460004
4348,0.505,0.36,9.55,pool,0.21626478231735125,0.31927188145303115,2.3518966437484776,3.8414748382791872,11.460971821498216,12.24914045602299
4350,0.47,0.39,11.7,pool,0.23757659593162983,0.29440809890303943,2.6600852357203486,3.481921480978671,11.624041194158515,12.058892854585975
4359,0.64,0.33,12.55,pool,0.19495296870307263,0.4151750427172849,2.0437080517766066,5.228323502152607,11.297902448837918,12.98295263299433
4400,0.81,0.27,13.4,pool,0.15232934147451543,0.5359419865315305,1.4273308678328644,6.974725523326542,10.971763703517324,13.907012411402686
4450,0.67,0.68,13.2,pool,0.44359079420298975,0.43648685633156353,5.639241624781769,5.536512094124478,13.200378463208061,13.146022005654629
4490,0.795,0.6100000000000001,14.1,run,0.39386322910300636,0.525286079724391,4.920134910180737,6.820631227340607,12.819883260334034,13.825477725072538
4500,0.92,0.54,15,pool,0.3441356640030229,0.6140853031172187,4.2010281955797035,8.104750360556737,12.439388057460004,14.504933444490444
4550,0.87,0.48,12.2,pool,0.30151203677446564,0.5785656137600876,3.5846510116359607,7.591102707270284,12.11324931213941,14.233151156723281
4600,0.66,0.3,10.7,pool,0.17364115508879402,0.4293829184601373,1.7355194598047354,5.4337825634671875,11.134833076177621,13.091665548101197
4606,0.635,0.43499999999999994,11.05,riffle,0.2695443163530477,0.4116230737815718,3.1223681236781538,5.176958736823962,11.868645253148962,12.955774404217614
4650,0.61,0.57,11.4,run,0.36544747761730145,0.3938632291030063,4.509216787551574,4.920134910180735,12.602457430120301,12.819883260334032
4700,0.63,0.46,14,pool,0.28730416103161327,0.4080711048458587,3.379191950321381,5.1255939714953165,12.004536397032544,12.928596175440898
4730,0.605,0.415,11.35,run,0.25533644061019534,0.3903112601672932,2.9169090623635734,4.86877014485209,11.759932338042097,12.792705031557317
4750,0.58,0.37,8.7,run,0.22336872018877746,0.37255141548872767,2.4546261744057674,4.611946318208864,11.51532827905165,12.656813887673735
4772,0.49666666666666665,0.2866666666666667,8.766666666666666,riffle,0.16416923792689242,0.3133519332268426,1.5985467522616819,3.755866896064778,11.062357799439711,12.203843408061797
4778,0.4133333333333334,0.20333333333333337,8.833333333333334,run,0.10496975566500741,0.2541524509649577,0.7424673301175957,2.899787473920693,10.609387319827771,11.750872928449859
4800,0.33,0.12,8.9,riffle,0.04577027340312237,0.19495296870307263,-0.11361209202649092,2.0437080517766066,10.156416840215833,11.297902448837918
4841,0.355,0.115,11.9,pool,0.042218304467409276,0.2127128133816381,-0.1649768573551358,2.3005318784198323,10.129238611439117,11.4337935927215
4850,0.38,0.11,14.9,run,0.03866633553169617,0.23047265806020362,-0.2163416226837811,2.557355705063058,10.102060382662401,11.569684736605081
4900,0.82,0.46,15.4,run,0.28730416103161327,0.5430459244029564,3.379191950321381,7.077455053983833,12.004536397032544,13.961368868956118
4915,0.605,0.28,12.8,riffle,0.15943327934594162,0.3903112601672932,1.530060398490155,4.86877014485209,11.026120161070756,12.792705031557317
4950,0.39,0.1,10.2,riffle,0.03156239766026997,0.23757659593162983,-0.3190711533410715,2.6600852357203486,10.047703925108967,11.624041194158515
4975,0.6950000000000001,0.345,11.6,pool,0.20560887551021192,0.45424670101012904,2.1978023477625417,5.793335920767704,11.379437135168068,13.28191314953821
5000,1,0.59,13,pool,0.3796553533601539,0.6709168060886281,4.714675848866155,8.926586605815059,12.711170345227167,14.939785104917906
5050,0.54,0.16,12.6,run,0.07418602488882718,0.3441356640030229,0.2973060306026707,4.2010281955797035,10.373842670429564,12.439388057460004
5056,0.48333333333333334,0.19666666666666663,11.4,run,0.10023379708405655,0.3038800160649411,0.673980976346068,3.6188941885217245,10.573149681458817,12.131368131323885
5092,0.4266666666666667,0.23333333333333336,10.2,riffle,0.12628156927928602,0.26362436812685924,1.0506559220894667,3.0367601814637464,10.77245669248807,11.823348205187768
5100,0.37,0.27,9,riffle,0.15232934147451543,0.22336872018877746,1.4273308678328644,2.4546261744057674,10.971763703517324,11.51532827905165
5100,0.37,0.27,9,run,0.15232934147451543,0.22336872018877746,1.4273308678328644,2.4546261744057674,10.971763703517324,11.51532827905165
5100,0.49,0.27,9,riffle,0.15232934147451543,0.30861597464589186,1.4273308678328644,3.6873805422932513,10.971763703517324,12.167605769692841
5100,0.49,0.27,9,run,0.15232934147451543,0.30861597464589186,1.4273308678328644,3.6873805422932513,10.971763703517324,12.167605769692841
5122,0.495,0.235,9.4,riffle,0.1274655589245237,0.312167943581605,1.0677775105323482,3.7387453076218966,10.781516102080309,12.194783998469557
5150,0.5,0.2,9.8,riffle,0.102601776374532,0.31571991251731807,0.7082241532318319,3.790110072950542,10.591268500643295,12.221962227246273
5150,0.5,0.2,9.8,run,0.102601776374532,0.31571991251731807,0.7082241532318319,3.790110072950542,10.591268500643295,12.221962227246273
5177,0.455,0.14500000000000002,8.850000000000001,run,0.06353011808168789,0.2837521920959002,0.1432117346167352,3.327827184992736,10.292307984099414,11.977358168255826
5200,0.41,0.09,7.9,run,0.02445845978884377,0.2517844716744822,-0.4218006839983618,2.865544297034929,9.993347467555536,11.732754109265379
5200,0.41,0.055,7.9,run,-4.053227611479429e-4,0.2517844716744822,-0.781354041298878,2.865544297034929,9.80309986611852,11.732754109265379
5216,0.405,0.0675,9.55,run,0.008474599578134817,0.24823250273876918,-0.652942127977265,2.8141795317062837,9.871045438060312,11.705575880488663
5232,0.4,0.08,11.2,run,0.017354521917417563,0.24468053380305604,-0.5245302146556521,2.7628147663776383,9.938991010002102,11.678397651711947
5244,0.395,0.0925,12.85,pool,0.026234444256700323,0.24112856486734296,-0.39611830133403925,2.711450001048994,10.006936581943894,11.651219422935231
5250,0.39,0.105,14.5,run,0.03511436659598306,0.23757659593162983,-0.2677063880124264,2.6600852357203486,10.074882153885685,11.624041194158515
5300,1.21,1.01,21,pool,0.6780207439600543,0.8200995013885783,9.02931613647235,11.083906749618155,14.994141562471338,16.081270713539993
5300,1.21,1.01,21,pool,0.6780207439600543,0.8200995013885783,9.02931613647235,11.083906749618155,14.994141562471338,16.081270713539993
5339,0.845,0.635,17.45,riffle,0.4116230737815718,0.560805769081522,5.176958736823962,7.334278880627059,12.955774404217614,14.097260012839701
5350,0.48,0.26,13.9,pool,0.14522540360308922,0.30151203677446564,1.3246013371755743,3.5846510116359607,10.91740724596389,12.11324931213941
5400,0.72,0.46,14.5,run,0.28730416103161327,0.47200654568869455,3.379191950321381,6.050159747410929,12.004536397032544,13.417804293421792
5445,0.465,0.26,11.7,riffle,0.14522540360308922,0.2908561299673264,1.3246013371755743,3.4305567156500256,10.91740724596389,12.03171462580926
5450,0.21,0.06,8.9,riffle,0.003146646174565157,0.10970571424595818,-0.7299892759702329,0.810953683889122,9.830278094895238,10.645624958196727
5480,0.255,0.075,11.65,run,0.013802552981704463,0.1416734346673761,-0.5758949799842973,1.273236571846929,9.911812781225386,10.890229017187174
5500,0.3,0.09,14.4,run,0.02445845978884377,0.17364115508879402,-0.4218006839983618,1.7355194598047354,9.993347467555536,11.134833076177621
5534,0.405,0.1925,11.35,run,0.09727382297096235,0.24823250273876918,0.6311770052388643,2.8141795317062837,10.55050115747822,11.705575880488663
5550,0.51,0.295,8.3,run,0.1700891861530809,0.3228238503887443,1.6841546944760901,3.8928396036078325,11.107654847400905,12.276318684799707
5565,0.58,0.3833333333333333,10.266666666666667,riffle,0.232840637350679,0.37255141548872767,2.591598881948821,4.611946318208864,11.58780355578956,12.656813887673735
5572,0.6499999999999999,0.4716666666666667,12.233333333333333,run,0.2955920885482772,0.42227898058871105,3.4990430694215524,5.331053032809896,12.067952264178215,13.037309090547764
5600,0.72,0.56,14.2,pool,0.3583435397458753,0.47200654568869455,4.406487256894285,6.050159747410929,12.54810097256687,13.417804293421792
5616,0.915,0.7,15.15,pool,0.45779866994584206,0.6105333341815056,5.844700686096348,8.053385595228091,13.309091378314927,14.477755215713728
5650,1.11,0.84,16.1,pool,0.5572538001458089,0.7490601226743165,7.2829141152984125,10.056611443045254,14.070081784062983,15.537706138005666
5665,0.8300000000000001,0.5833333333333333,14.7,run,0.37491939477920305,0.5501498622743828,4.646189495094627,7.180184584641124,12.674932706858211,14.015725326509552
5682,0.55,0.32666666666666666,13.3,riffle,0.19258498941259722,0.35123960187444914,2.009464874890843,4.303757726236994,11.27978362965344,12.493744515013438
5700,0.27,0.07,11.9,riffle,0.010250584045991364,0.15232934147451543,-0.6272597453129424,1.4273308678328644,9.88463455244867,10.971763703517324
5710,0.315,0.14500000000000002,11.2,run,0.06353011808168789,0.1842970618959333,0.1432117346167352,1.889613755790671,10.292307984099414,11.216367762507769
5750,0.36,0.22,10.5,riffle,0.1168096521173844,0.21626478231735125,0.9136832145464127,2.3518966437484776,10.699981415750159,11.460971821498216
5792,0.5,0.29,9.85,riffle,0.1665372172173678,0.31571991251731807,1.6327899291474448,3.790110072950542,11.080476618624187,12.221962227246273
5800,0.64,0.36,9.2,run,0.21626478231735125,0.4151750427172849,2.3518966437484776,5.228323502152607,11.460971821498216,12.98295263299433
5837,0.46,0.315,11.75,riffle,0.1842970618959333,0.28730416103161327,1.889613755790671,3.379191950321381,11.216367762507769,12.004536397032544
5850,0.28,0.27,14.3,riffle,0.15232934147451543,0.15943327934594162,1.4273308678328644,1.530060398490155,10.971763703517324,11.026120161070756
5873,0.4033333333333333,0.28,14,run,0.15943327934594162,0.24704851309353143,1.530060398490155,2.797057943263402,11.026120161070756,11.696516470896425
5890,0.5266666666666666,0.29,13.7,run,0.1665372172173678,0.3346637468411212,1.6327899291474448,4.064055488036649,11.080476618624187,12.366912780722094
5900,0.65,0.3,13.4,run,0.17364115508879402,0.4222789805887111,1.7355194598047354,5.331053032809897,11.134833076177621,13.037309090547764
5950,0.31,0.105,9.2,run,0.03511436659598306,0.18074509296022023,-0.2677063880124264,1.8382489904620256,10.074882153885685,11.189189533731053
5984,0.315,0.0875,9.95,riffle,0.02268247532098721,0.1842970618959333,-0.44748306666268445,1.889613755790671,9.979758353167178,11.216367762507769
6000,0.32,0.07,10.7,riffle,0.010250584045991364,0.18784903083164642,-0.6272597453129424,1.9409785211193162,9.88463455244867,11.243545991284487
6050,0.31,0.15,11.2,riffle,0.06708208701740098,0.18074509296022023,0.1945764999453803,1.8382489904620256,10.31948621287613,11.189189533731053
6080,0.7649999999999999,0.585,13.4,pool,0.37610338442444075,0.5039742661101123,4.66331108353751,6.512442635368735,12.683992116450451,13.662408352412239
6100,1.22,1.02,15.6,pool,0.6851246818314807,0.8272034392600047,9.13204566712964,11.186636280275446,15.048498020024772,16.135627171093425
6120,1.21,1.01,15.266666666666666,pool,0.6780207439600543,0.8200995013885783,9.02931613647235,11.083906749618155,14.994141562471338,16.081270713539993
6145,1.2,1,14.933333333333334,pool,0.6709168060886281,0.8129955635171522,8.926586605815059,10.981177218960866,14.939785104917906,16.026914255986558
6150,1.19,0.99,14.6,pool,0.663812868217202,0.805891625645726,8.823857075157768,10.878447688303575,14.885428647364474,15.972557798433126
6200,1.25,1.05,15,pool,0.7064364954457591,0.8485152528742832,9.44023425910151,11.494824872247317,15.211567392685069,16.29869654375372
6250,1.23,1.03,13.2,pool,0.6922286197029068,0.8343073771314309,9.23477519778693,11.289365810932736,15.102854477578205,16.189983628646857
6300,1.29,1.11,14.9,pool,0.7490601226743165,0.876931004359988,10.056611443045254,11.90574299487648,15.537706138005666,16.516122373967452
6350,1.28,1.09,13.6,pool,0.734852246931464,0.8698270664885619,9.851152381730673,11.80301346421919,15.4289932228988,16.46176591641402
6400,1.11,0.85,13.4,pool,0.5643577380172351,0.7490601226743165,7.385643645955703,10.056611443045254,14.124438241616417,15.537706138005666
6450,1.11,0.47,12.7,pool,0.29440809890303943,0.7490601226743165,3.481921480978671,10.056611443045254,12.058892854585975,15.537706138005666
6481,0.8400000000000001,0.485,13.05,run,0.3050640057101788,0.5572538001458089,3.636015776964606,7.282914115298414,12.140427540916125,14.070081784062985
6500,0.57,0.5,13.4,run,0.31571991251731807,0.36544747761730145,3.790110072950542,4.509216787551574,12.221962227246273,12.602457430120301
6518,0.4449999999999999,0.29000000000000004,12.4,riffle,0.16653721721736783,0.27664825422447387,1.6327899291474453,3.2250976543354444,11.08047661862419,11.923001710702394
6550,0.32,0.08,11.4,riffle,0.017354521917417563,0.18784903083164642,-0.5245302146556521,1.9409785211193162,9.938991010002102,11.243545991284487
6568,0.29000000000000004,0.065,11.2,run,0.006698615110278264,0.16653721721736783,-0.6786245106415876,1.6327899291474453,9.857456323671954,11.08047661862419
6600,0.26,0.05,11,riffle,-0.003957291696861043,0.14522540360308922,-0.8327188066275232,1.3246013371755743,9.775921637341805,10.91740724596389
6610,0.4766666666666667,0.31999999999999995,11.266666666666667,run,0.1878490308316464,0.29914405748399026,1.9409785211193153,3.5504078347501977,11.243545991284487,12.095130492954931
6625,0.6933333333333334,0.59,11.533333333333331,pool,0.3796553533601539,0.45306271136489135,4.714675848866155,5.776214332324822,12.711170345227167,13.272853739945973
6650,0.91,0.86,11.8,pool,0.5714616758886613,0.6069813652457925,7.488373176612994,8.002020829899447,14.178794699169849,14.450576986937012
6670,0.66,0.605,12.2,pool,0.3903112601672932,0.4293829184601373,4.86877014485209,5.4337825634671875,12.792705031557317,13.091665548101197
6700,0.41,0.35,12.6,run,0.209160844445925,0.2517844716744822,2.249167113091187,2.865544297034929,11.406615363944784,11.732754109265379
6705,0.615,0.46,10.3,run,0.28730416103161327,0.3974151980387194,3.379191950321381,4.9714996755093805,12.004536397032544,12.84706148911075
6750,0.82,0.57,8,riffle,0.36544747761730145,0.5430459244029564,4.509216787551574,7.077455053983833,12.602457430120301,13.961368868956118
6800,1.11,1.16,16.6,run,0.7845798120314473,0.7490601226743165,10.570259096331704,10.056611443045254,15.809488425772827,15.537706138005666
6800,1.11,1.16,16.6,run,0.7845798120314473,0.7490601226743165,10.570259096331704,10.056611443045254,15.809488425772827,15.537706138005666
6800,1.11,1.1,16.6,run,0.7419561848028904,0.7490601226743165,9.953881912387963,10.056611443045254,15.483349680452232,15.537706138005666
6800,1.11,1.1,16.6,run,0.7419561848028904,0.7490601226743165,9.953881912387963,10.056611443045254,15.483349680452232,15.537706138005666
6800,1.2,1.16,16.6,run,0.7845798120314473,0.8129955635171522,10.570259096331704,10.981177218960866,15.809488425772827,16.026914255986558
6800,1.2,1.16,16.6,run,0.7845798120314473,0.8129955635171522,10.570259096331704,10.981177218960866,15.809488425772827,16.026914255986558
6800,1.2,1.1,16.6,run,0.7419561848028904,0.8129955635171522,9.953881912387963,10.981177218960866,15.483349680452232,16.026914255986558
6800,1.2,1.1,16.6,run,0.7419561848028904,0.8129955635171522,9.953881912387963,10.981177218960866,15.483349680452232,16.026914255986558
6810,1.2333333333333334,0.93,15.4,riffle,0.6211892409886448,0.8366753564219063,8.207479891214026,11.323608987818501,14.559289902043878,16.208102447831337
6836,1.2666666666666666,0.76,14.2,pool,0.5004222971743992,0.8603551493266601,6.461077870040091,11.666040756676134,13.635230123635523,16.38929063967611
6850,1.3,0.59,13,run,0.3796553533601539,0.8840349422314142,4.714675848866155,12.008472525533769,12.711170345227167,16.570478831520887
6890,0.935,0.46,11.25,run,0.28730416103161327,0.6247412099243579,3.379191950321381,8.258844656542673,12.004536397032544,14.586468130820595
6900,0.57,0.33,9.5,run,0.19495296870307263,0.36544747761730145,2.0437080517766066,4.509216787551574,11.297902448837918,12.602457430120301
6950,0.42,0.13,12.5,run,0.05287421127454858,0.2588884095459084,-0.010882561369200294,2.9682738276922187,10.210773297769267,11.787110566818813
6958,0.5666666666666667,0.3233333333333333,13.833333333333334,riffle,0.1902170101221218,0.36307949832682607,1.9752216980050792,4.474973610665811,11.261664810468965,12.584338610935825
6973,0.7133333333333334,0.5166666666666666,15.166666666666666,pool,0.32755980896969505,0.4672705871077438,3.9613259573793584,5.981673393639403,12.31255632316866,13.381566655052836
7000,0.86,0.71,16.5,pool,0.4649026078172683,0.5714616758886613,5.947430216753639,7.488373176612994,13.36344783586836,14.178794699169849
7050,0.95,0.65,12.5,pool,0.4222789805887111,0.6353971167314971,5.331053032809897,8.412938952528608,13.037309090547764,14.668002817150743
7100,0.94,0.69,13,pool,0.4506947320744159,0.628293178860071,5.741971155439058,8.310209421871317,13.254734920761493,14.613646359597311
7150,0.74,0.46,17,pool,0.28730416103161327,0.486214421431547,3.379191950321381,6.25561880872551,12.004536397032544,13.526517208528658
7200,0.49,0.34,14,run,0.20205690657449885,0.30861597464589186,2.1464375824338973,3.6873805422932513,11.352258906391352,12.167605769692841
7250,0.45,0.32,13.3,run,0.18784903083164642,0.28020022316018706,1.9409785211193162,3.2764624196640906,11.243545991284487,11.95017993947911
7270,0.49,0.31,13.3,riffle,0.18074509296022023,0.30861597464589186,1.8382489904620256,3.6873805422932513,11.189189533731053,12.167605769692841
7287,0.53,0.3,13.3,run,0.17364115508879402,0.3370317261315967,1.7355194598047354,4.098298664922413,11.134833076177621,12.385031599906572
7300,0.57,0.29,13.3,run,0.1665372172173678,0.36544747761730145,1.6327899291474448,4.509216787551574,11.080476618624187,12.602457430120301
7320,0.6699999999999999,0.3,10.8,riffle,0.17364115508879402,0.4364868563315635,1.7355194598047354,5.536512094124477,11.134833076177621,13.146022005654629
7350,0.77,0.31,8.3,riffle,0.18074509296022023,0.5075262350458256,1.8382489904620256,6.563807400697382,11.189189533731053,13.689586581188955
7380,0.55,0.175,11.05,run,0.08484193169596647,0.35123960187444914,0.45140032658860596,4.303757726236994,10.455377356759712,12.493744515013438
7400,0.33,0.04,13.8,run,-0.011061229568287246,0.19495296870307263,-0.9354483372848135,2.0437080517766066,9.721565179788373,11.297902448837918
7420,0.575,0.235,14.65,pool,0.1274655589245237,0.36899944655301453,1.0677775105323482,4.560581552880219,10.781516102080309,12.629635658897019
7450,0.82,0.43,15.5,pool,0.26599234741733463,0.5430459244029564,3.0710033583495093,7.077455053983833,11.841467024372246,13.961368868956118
7500,0.62,0.56,14,pool,0.3583435397458753,0.4009671669744325,4.406487256894285,5.022864440838026,12.54810097256687,12.874239717887466
7538,0.6699999999999999,0.51,15,pool,0.3228238503887443,0.4364868563315635,3.8928396036078325,5.536512094124477,12.276318684799707,13.146022005654629
7550,0.72,0.46,16,pool,0.28730416103161327,0.47200654568869455,3.379191950321381,6.050159747410929,12.004536397032544,13.417804293421792
7600,0.59,0.29,12.7,run,0.1665372172173678,0.3796553533601539,1.6327899291474448,4.714675848866155,11.080476618624187,12.711170345227167
7640,0.645,0.32499999999999996,12.9,run,0.1914009997673595,0.418727011652998,1.9923432864479607,5.279688267481252,11.270724220061203,13.010130861771048
7650,0.7,0.36,13.1,run,0.21626478231735125,0.45779866994584206,2.3518966437484776,5.844700686096348,11.460971821498216,13.309091378314927
7700,0.29,0.08,9.2,run,0.017354521917417563,0.1665372172173678,-0.5245302146556521,1.6327899291474448,9.938991010002102,11.080476618624187
7737,0.24,0.07500000000000001,11.95,riffle,0.01380255298170447,0.1310175278602368,-0.5758949799842972,1.119142275860993,9.911812781225386,10.808694330857024
7750,0.19,0.07,14.7,riffle,0.010250584045991364,0.09549783850310578,-0.6272597453129424,0.6054946225745417,9.88463455244867,10.536912043089862
7760,0.305,0.14500000000000002,13.6,run,0.06353011808168789,0.17719312402450713,0.1432117346167352,1.7868842251333803,10.292307984099414,11.162011304954337
7800,0.42,0.22,12.5,run,0.1168096521173844,0.2588884095459084,0.9136832145464127,2.9682738276922187,10.699981415750159,11.787110566818813
7808,0.5599999999999999,0.35,13.666666666666666,run,0.209160844445925,0.35834353974587524,2.249167113091187,4.406487256894283,11.406615363944784,12.54810097256687
7825,0.7,0.48,14.833333333333332,pool,0.30151203677446564,0.45779866994584206,3.5846510116359607,5.844700686096348,12.11324931213941,13.309091378314927
7850,0.84,0.61,16,run,0.3938632291030063,0.5572538001458089,4.920134910180735,7.2829141152984125,12.819883260334032,14.070081784062983
7887,0.71,0.4766666666666667,14.033333333333331,riffle,0.29914405748399026,0.4649026078172683,3.5504078347501977,5.947430216753639,12.095130492954931,13.36344783586836
7895,0.5800000000000001,0.3433333333333333,12.066666666666666,run,0.20442488586497423,0.3725514154887277,2.18068075931966,4.611946318208865,11.370377725575828,12.656813887673735
7900,0.45,0.21,10.1,run,0.10970571424595818,0.28020022316018706,0.810953683889122,3.2764624196640906,10.645624958196727,11.95017993947911
7950,0.43,0.32,10,run,0.18784903083164642,0.26599234741733463,1.9409785211193162,3.0710033583495093,11.243545991284487,11.841467024372246
7969,0.4166666666666667,0.25,10.333333333333334,riffle,0.138121465731663,0.2565204302554331,1.2218718065182836,2.9340306508064558,10.863050788410458,11.768991747634335
7978,0.4033333333333333,0.18,10.666666666666666,run,0.0883939006316796,0.24704851309353143,0.5027650919172513,2.797057943263402,10.48255558553643,11.696516470896425
8000,0.39,0.11,11,run,0.03866633553169617,0.23757659593162983,-0.2163416226837811,2.6600852357203486,10.102060382662401,11.624041194158515
8042,0.265,0.07,10.45,riffle,0.010250584045991364,0.14877737253880233,-0.6272597453129424,1.3759661025042191,9.88463455244867,10.944585474740606
8050,0.14,0.03,9.9,riffle,-0.01816516743971345,0.05997814914597478,-1.0381778679421039,0.09184696928809011,9.667208722234939,10.265129755322699
8100,0.49,0.11,10,run,0.03866633553169617,0.30861597464589186,-0.2163416226837811,3.6873805422932513,10.102060382662401,12.167605769692841
8110,0.45,0.145,11.7,run,0.06353011808168788,0.28020022316018706,0.14321173461673498,3.2764624196640906,10.292307984099414,11.95017993947911
8150,0.41,0.18,13.4,pool,0.0883939006316796,0.2517844716744822,0.5027650919172513,2.865544297034929,10.48255558553643,11.732754109265379
8200,0.91,0.5,14.6,pool,0.31571991251731807,0.6069813652457925,3.790110072950542,8.002020829899447,12.221962227246273,14.450576986937012
8250,0.8,0.49,9.3,pool,0.30861597464589186,0.5288380486601041,3.6873805422932513,6.871995992669252,12.167605769692841,13.852655953849254
8300,0.57,0.26,15,pool,0.14522540360308922,0.36544747761730145,1.3246013371755743,4.509216787551574,10.91740724596389,12.602457430120301
8350,0.68,0.09,12.3,run,0.02445845978884377,0.44359079420298975,-0.4218006839983618,5.639241624781769,9.993347467555536,13.200378463208061
8400,0.69,0.09,14.2,run,0.02445845978884377,0.4506947320744159,-0.4218006839983618,5.741971155439058,9.993347467555536,13.254734920761493
8450,0.59,0.36,13.8,run,0.21626478231735125,0.3796553533601539,2.3518966437484776,4.714675848866155,11.460971821498216,12.711170345227167
