date,nhc_q,deltaQ,good_flow
2016-07-14,0.15659452834839677,1.0355078472916732,TRUE
2016-07-15,0.14924299913520012,1.6783257254007056,TRUE
2016-07-16,0.15606138656837945,1.769326248057134,TRUE
2016-07-17,0.35569804281862494,9.858675532133425,FALSE
2016-07-18,0.19651555241635968,1.328398779030305,TRUE
2016-07-19,0.16301635792255972,1.2018059092731836,TRUE
2016-07-20,0.14446439104816636,1.1356898032033258,TRUE
2016-07-21,0.13396748564184957,1.1617625977664225,TRUE
2016-07-22,0.12838101443655553,1.1102753724457592,TRUE
2016-07-23,0.12468752094885364,1.1236101446722706,TRUE
2016-07-24,0.12141338399028781,1.116435209084629,TRUE
2016-07-25,0.11508252356930983,1.1207245082680293,TRUE
2016-07-26,0.11051545071682092,1.1163903706101677,TRUE
2016-07-27,0.11941284872054586,1.2482849418789852,TRUE
2016-07-28,0.11281768217112949,1.1906426700910109,TRUE
2016-07-29,0.11111650292935046,1.0884079752556879,TRUE
2016-07-30,0.10591416002363721,1.1168572837059714,TRUE
2016-07-31,0.11404154235997867,1.3286059500187,TRUE
2016-08-01,1.1091549454470089,49.76543955666567,FALSE
2016-08-02,0.2629792617004856,2.022238128360125,FALSE
2016-08-03,0.29469285310902954,2.52319835912761,FALSE
2016-08-04,0.21607802490210903,1.7235161174803264,TRUE
2016-08-05,0.3195258901981088,3.839311916460563,FALSE
2016-08-06,0.990608698415021,4.858163012494012,FALSE
2016-08-07,0.2918031150025387,1.6454685267238405,TRUE
2016-08-08,0.23597124182097642,1.4324584146797958,TRUE
2016-08-09,0.49375947828874167,3.799687297285068,FALSE
2016-08-10,0.2754402712765923,1.6749667670211317,TRUE
2016-08-11,0.19555590371746032,1.2584677810131044,TRUE
2016-08-12,0.16892244542572946,1.1196276924445214,TRUE
2016-08-13,0.15541972498401957,1.109407984591475,TRUE
2016-08-14,0.14705009293800428,1.1340172288584482,TRUE
2016-08-15,0.13911827532456084,1.1158666172390315,TRUE
2016-08-16,0.1343339623181572,1.0929375337887344,TRUE
2016-08-17,0.12861067024255954,1.1207212497098817,TRUE
2016-08-18,0.12861747039761032,1.1279316293956994,TRUE
2016-08-19,0.1231477004653021,1.1564417950574009,TRUE
2016-08-20,0.12647385129688937,1.072063581651108,TRUE
2016-08-21,0.12712504754175108,1.0956691691145422,TRUE
2016-08-22,0.12442746828971503,1.0902425340637707,TRUE
2016-08-23,0.11715909464158966,1.1255756137165949,TRUE
2016-08-24,0.11251049713531033,1.1114855047534027,TRUE
2016-08-25,0.10764353877163105,1.1335161006199876,TRUE
2016-08-26,0.10466510031249052,1.091784270547265,TRUE
2016-08-27,0.1037255782595995,1.1209970181738405,TRUE
2016-08-28,0.10340314055236514,1.1446528442237573,TRUE
2016-08-29,0.10219392630798685,1.1039955331203168,TRUE
2016-08-30,0.09786097806936811,1.1244796732821938,TRUE
2016-08-31,0.09609014103437462,1.0997851264152931,TRUE
2016-09-01,0.0982516880925015,1.1926141436855537,TRUE
2016-09-02,0.10333152488048933,1.1762730631973999,TRUE
2016-09-03,0.1404595145084756,1.7381869084073314,TRUE
2016-09-04,0.11579763585057624,1.0953028343915154,TRUE
2016-09-05,0.11322146160944775,1.143524814595977,TRUE
2016-09-06,0.10612301536201545,1.1322614403729399,TRUE
2016-09-07,0.10184828517822844,1.1467641029872802,TRUE
2016-09-08,0.0969853373282087,1.1554090698457429,TRUE
2016-09-09,0.09736854770214078,1.119476931771667,TRUE
2016-09-10,0.10530976265298153,1.130514373712895,TRUE
2016-09-11,0.10308829847869856,1.1330318273510311,TRUE
2016-09-12,0.09929204627322534,1.1700845110057605,TRUE
2016-09-13,0.09279250871452319,1.126620547056128,TRUE
2016-09-14,0.06502322005386406,5.083427486026455,FALSE
2016-09-15,0.02045713494187457,1.2520106292802458,TRUE
2016-09-16,0.021085223445113776,1.201084015701707,TRUE
2016-09-17,0.019299263249072447,1.1861876795201216,TRUE
2016-09-18,0.017489017665803408,1.1963713705204109,TRUE
2016-09-19,2.4903153534015035,467.86304968551246,FALSE
2016-09-20,0.6398749535666982,4.0510133725722355,FALSE
2016-09-21,0.3412948033488031,1.5720784660598472,TRUE
2016-09-22,0.41081321801416937,1.4465508943540246,TRUE
2016-09-23,0.2974936863229894,1.4434035503197924,TRUE
2016-09-24,0.2191995474943023,1.3540700382906434,TRUE
2016-09-25,0.17068045961917622,1.2370738981592033,TRUE
2016-09-26,0.13825888022879637,1.2358095863482719,TRUE
2016-09-27,0.15321686959124312,1.3189667634092186,TRUE
2016-09-28,0.19475246489438378,1.4802541608451163,TRUE
2016-09-29,2.0914893146296962,30.248217006656464,FALSE
2016-09-30,1.1100786270522944,10.844890591169952,FALSE
2016-10-01,1.8497638301257007,5.662409145061395,FALSE
2016-10-02,0.5781168845749779,1.7875089064371232,TRUE
2016-10-03,0.37097770093905275,1.4156965890953692,TRUE
2016-10-04,0.2848843836704003,1.2604383135147625,TRUE
2016-10-05,0.23625022857868383,1.156604657636403,TRUE
2016-10-06,0.219292466432464,1.1316398842465338,TRUE
2016-10-07,0.23521390014882557,1.2781208330315226,TRUE
2016-10-08,421.5251202625715,7830.078605615698,FALSE
2016-10-09,421.8815729990418,253.72616908181516,FALSE
2016-10-10,5.1545930273959515,4.493440088874445,FALSE
2016-10-11,1.3323472085035117,1.6424710917763898,TRUE
2016-10-12,0.9718640429892317,1.2825261611278445,TRUE
2016-10-13,0.80367344356396,1.1448249641376003,TRUE
2016-10-14,0.6922548447350513,1.2293491198623974,TRUE
2016-10-15,0.5825727590600169,1.1449435058580193,TRUE
2016-10-16,0.528334901025783,1.0934957765154418,TRUE
2016-10-17,0.5104274681308757,1.1027772676292633,TRUE
2016-10-18,0.5177963297959142,1.065028606424812,TRUE
2016-10-19,0.49744429277729835,1.1033604344038315,TRUE
2016-10-20,0.48095551629627686,1.0815310527582476,TRUE
2016-10-21,0.47244564533267214,1.136656547365038,TRUE
2016-10-22,0.4726153397583851,1.1637460508481323,TRUE
2016-10-23,0.47769397817973336,1.2481302666728558,TRUE
2016-10-24,0.4775377041789154,1.1377982295658329,TRUE
2016-10-25,0.4975837049757842,1.110107068104194,TRUE
2016-10-26,0.4969903203072271,1.1162735702854893,TRUE
2016-10-27,0.5149328846281302,1.1735401929215663,TRUE
2016-10-28,0.5609079248892526,1.103101031681043,TRUE
2016-10-29,0.5601909149395762,1.097022875834745,TRUE
2016-10-30,0.5647783176246358,1.0668045823306682,TRUE
2016-10-31,0.573506912963268,1.0950141792270498,TRUE
2016-11-01,0.5578955563797641,1.0934273492279085,TRUE
2016-11-02,0.5380427257938836,1.078047813211439,TRUE
2016-11-03,0.5330466555809333,1.1101516763565429,TRUE
2016-11-04,0.5392407678588589,1.1326948675567265,TRUE
2016-11-05,0.5109313810325633,1.1102489247639094,TRUE
2016-11-06,0.49139882589895373,1.0615057378052066,TRUE
2016-11-07,0.48255826091128096,1.1055958313110692,TRUE
2016-11-08,0.467296188600957,1.0982848067542115,TRUE
2016-11-09,0.4758593021155339,1.0916330725349552,TRUE
2016-11-10,0.4870600168894451,1.0996278742385959,TRUE
2016-11-11,0.48826463311460117,1.106231179812518,TRUE
2016-11-12,0.4930301059771649,1.1158040719677815,TRUE
2016-11-13,0.4603530444720277,1.1513439915961357,TRUE
2016-11-14,0.5405547211052377,1.6812133397565712,TRUE
2016-11-15,0.7205913839522696,1.268481100082077,TRUE
2016-11-16,0.628909101276421,1.2624404788523125,TRUE
2016-11-17,0.5567921599326342,1.2292042696569354,TRUE
2016-11-18,0.4664223551270326,1.2097764894308556,TRUE
2016-11-19,0.4182791432600815,1.3006970563832738,TRUE
2016-11-20,0.359465712977793,1.161100039344278,TRUE
2016-11-21,0.3403494375604059,1.148076647025943,TRUE
2016-11-22,0.40150053910892175,1.761231320675429,TRUE
2016-12-08,0.5593695823710959,1.1473875340118858,TRUE
2016-12-09,0.46975683465436296,1.2975941883437483,TRUE
2016-12-10,0.39082739814924283,1.1410690350932384,TRUE
2016-12-11,0.35598260173265256,1.1394499197025698,TRUE
2016-12-12,0.34649865038189565,1.1093669535729158,TRUE
2016-12-13,0.35426972064152457,1.1202908611842883,TRUE
2016-12-14,0.3534379217389014,1.0997552112125615,TRUE
2016-12-15,0.346398813889079,1.1047531353223474,TRUE
2016-12-16,0.3309433265346971,1.1808014515588243,TRUE
2016-12-17,0.3131750136854327,1.1734404612026461,TRUE
2016-12-18,0.3272668622903209,1.2666654643267727,TRUE
2016-12-19,0.38873413618650965,1.142292291683458,TRUE
2016-12-20,0.39395573239125026,1.0978627579552291,TRUE
2016-12-21,0.38726415177540663,1.1097616704681708,TRUE
2016-12-22,0.37155705126124716,1.143462205883006,TRUE
2016-12-23,0.3705758511955808,1.1192709643381884,TRUE
2016-12-24,0.35387927584001144,1.1530106146546795,TRUE
2016-12-25,0.35743206703427366,1.0699554334507906,TRUE
2016-12-26,0.3479626872581234,1.060596137834759,TRUE
2016-12-27,0.3405921787727071,1.0933060746161964,TRUE
2016-12-28,0.34852727354161805,1.0920709202010919,TRUE
2016-12-29,0.36804587145695683,1.265723221994992,TRUE
2016-12-30,0.3872756915814475,1.1508541184757086,TRUE
2016-12-31,0.37764491827771435,1.1809974783562662,TRUE
2017-01-01,0.37516087067680093,1.1511082014539868,TRUE
2017-01-02,2.2527314670735255,15.921823404978328,FALSE
2017-01-03,2.6243077418072382,2.560676770460972,FALSE
2017-01-04,1.4268759319088966,2.307403311165627,FALSE
2017-01-05,0.7964722171674256,1.3197225552200869,TRUE
2017-01-06,0.6021274797635533,1.8864528910657068,TRUE
2017-01-07,0.5734876025070799,1.596594750041934,TRUE
2017-01-08,0.4943048669534212,1.5344866351995676,TRUE
2017-01-09,0.4630594161794831,2.0140862911869357,FALSE
2017-01-10,0.4892763742224329,1.6301774878839659,TRUE
2017-01-11,0.4627843533481307,1.570037245148329,TRUE
2017-01-12,0.9989452038122516,3.8790227028266355,FALSE
2017-01-13,1.4025498786500583,1.8068806111045341,TRUE
2017-01-14,0.9301642574745598,1.421080615787617,TRUE
2017-01-15,0.7563107617431379,1.6278570756459871,TRUE
2017-01-16,0.5995898506351832,1.5016643988394367,TRUE
2017-01-17,0.6089541988129263,1.4087125403133882,TRUE
2017-01-18,0.5587939028285289,1.4803103136210445,TRUE
2017-01-19,0.4973844464159885,1.4567355431138915,TRUE
2017-01-20,0.4889370547051044,1.2209078606857249,TRUE
2017-01-21,0.5319099236308777,1.146759620496779,TRUE
2017-01-22,1.025396382572475,2.324227469917844,FALSE
2017-01-23,12.483900790856117,45.483252945633694,FALSE
2017-01-24,4.416010161987724,3.0466687294887476,FALSE
2017-01-25,1.5771918409062526,2.240585054095728,FALSE
2017-01-26,1.0865222905522551,1.2390998908883515,TRUE
2017-01-27,0.855861571414775,1.2775130840961213,TRUE
2017-01-28,0.7198755491385028,1.15543152575871,TRUE
2017-01-29,0.650211269316598,1.1101592695702627,TRUE
2017-01-30,0.6157455291434811,1.1696646425665356,TRUE
2017-01-31,0.5479546874466904,1.160444484790532,TRUE
2017-02-01,0.5382740871370577,1.0547289356519827,TRUE
2017-02-02,0.5257786924231003,1.1079285321933636,TRUE
2017-02-03,0.4940322079051082,1.085920152677814,TRUE
2017-02-04,0.5060937882046738,1.3408668818482952,TRUE
2017-02-05,0.43592653357504385,1.066418235658375,TRUE
2017-02-06,0.43581817791976557,1.0951786851429341,TRUE
2017-02-07,0.42693390333747216,1.0699269017288162,TRUE
2017-02-08,0.45739553550241,1.1350218029025665,TRUE
2017-02-09,0.6686655349887963,2.0648222491574217,FALSE
2017-02-10,0.6811315077861512,1.6796985329697327,TRUE
2017-02-11,0.4679756006249675,1.166687415607303,TRUE
2017-02-12,0.4253332653543649,1.0866301043648798,TRUE
2017-02-13,0.4124051244726629,1.1387111550054876,TRUE
2017-02-14,0.3640567702679973,1.1472160732810242,TRUE
2017-02-15,0.3721797366393549,1.1839054857742017,TRUE
2017-02-16,0.4178005967130422,1.1463845178754803,TRUE
2017-02-17,0.36339488760404487,1.1900866045925973,TRUE
2017-02-18,0.3387920424172724,1.1100479860662076,TRUE
2017-02-19,0.32778706553037656,1.079565168387984,TRUE
2017-02-20,0.31480186731810283,1.1246553700916468,TRUE
2017-02-21,0.3010451662079136,1.078221166622641,TRUE
2017-02-22,0.291542228885509,1.0905344850168954,TRUE
2017-02-23,0.2929382584595352,1.0631914748934141,TRUE
2017-02-24,0.2881029290655651,1.0819189432150378,TRUE
2017-02-25,0.28075150104338054,1.163020518445955,TRUE
2017-02-26,0.27312916661377407,1.153828962688376,TRUE
2017-02-27,0.24593781926194272,1.1973172111285373,TRUE
2017-02-28,0.23399900663432205,1.1206883101092004,TRUE
2017-03-01,0.2421685793552035,1.1343015561898226,TRUE
2017-03-02,1.184531102056446,8.105765089137115,FALSE
2017-03-03,0.7364105308523907,1.9176289396747777,TRUE
2017-03-04,0.4816149952983111,1.2981793928366339,TRUE
2017-03-05,0.40951947994871757,1.1962561841400379,TRUE
2017-03-06,0.35975222144874774,1.1280852241655597,TRUE
2017-03-07,0.34402954866459334,1.1136262397632284,TRUE
2017-03-08,0.32817158875485813,1.1888770114286717,TRUE
2017-03-09,0.3050827046540695,1.1512112689927751,TRUE
2017-03-10,0.2942822329790246,1.1751800296490185,TRUE
2017-03-11,0.28567199762869755,1.1136518905515589,TRUE
2017-03-12,0.273195946968732,1.133943902004144,TRUE
2017-03-13,0.2695410793552462,1.156689307346449,TRUE
2017-03-14,0.5696421688652289,3.092034590030698,FALSE
2017-03-15,0.5572764745913771,1.551510922075706,TRUE
2017-03-16,0.4024114505373537,1.2473551144076833,TRUE
2017-03-17,0.3444580011790293,1.191287125864425,TRUE
2017-03-18,0.34271174038444374,1.4007181433326918,TRUE
2017-03-19,0.4073564796181675,1.1210545054306917,TRUE
2017-03-20,0.3654924855069635,1.2098653702704416,TRUE
2017-03-21,0.3449145136556301,1.0783341842494072,TRUE
2017-03-22,0.3462116534359339,1.2360993582186177,TRUE
2017-03-23,0.3044250057560801,1.1830543749389841,TRUE
2017-03-24,0.2744668678683377,1.1026131990365502,TRUE
2017-03-25,0.27193593424458545,1.0736552322960848,TRUE
2017-03-26,0.2883827709245254,1.1348135493833964,TRUE
2017-03-27,0.288697504833584,1.082396710815002,TRUE
2017-03-28,0.2948802493237196,1.2236486022407709,TRUE
2017-03-29,0.30366590181914543,1.1030897981426475,TRUE
2017-03-30,0.28593104931372293,1.1384492856790456,TRUE
2017-03-31,0.6593040644656114,16.039162776303236,FALSE
2017-04-01,1.7675160852008613,3.853773802329949,FALSE
2017-04-02,0.6949920064755343,1.6669635258141007,TRUE
2017-04-03,0.5032530317581453,1.2163857727143972,TRUE
2017-04-04,0.7175618997439105,2.238136904987849,FALSE
2017-04-05,0.6491699667174508,1.5988962667733635,TRUE
2017-04-06,0.6920273834963309,2.554576563157061,FALSE
2017-04-07,1.2226551041222962,2.155245548536172,FALSE
2017-04-08,0.659598842171976,1.5073579660771832,TRUE
2017-04-09,0.5084895471747929,1.2017293625679422,TRUE
2017-04-10,0.4303960152952082,1.1851371290533355,TRUE
2017-04-11,0.38086051527833586,1.1317020405256273,TRUE
2017-04-12,0.36108204726665405,1.0884976154466457,TRUE
2017-04-13,0.3328387274199846,1.1421204026149105,TRUE
2017-04-14,0.3016840654074509,1.1265337042041714,TRUE
2017-04-15,0.27686170348993744,1.1107143511218656,TRUE
2017-04-16,0.2584518066603142,1.1044239703603587,TRUE
2017-04-17,0.24241333114547592,1.1431989606844064,TRUE
2017-04-18,0.2394054870104482,1.1157688427459045,TRUE
2017-04-19,0.2200273494451817,1.135493899611945,TRUE
2017-04-20,0.21044262260177174,1.1010491461924365,TRUE
2017-04-21,0.20712537402249356,1.118953690670724,TRUE
2017-04-22,0.19417783264307453,1.3046948136202798,TRUE
2017-04-23,0.21849749235901567,1.7020551980773444,TRUE
2017-04-24,4.55820116336162,132.19957511469477,FALSE
2017-04-25,1106.408770395256,52.50798003594299,FALSE
2017-04-26,22.230315145952762,17.21311747452605,FALSE
2017-04-27,3.4722450189461185,4.261185567223493,FALSE
2017-04-28,1.122881827985343,1.5107353160245807,TRUE
2017-04-29,0.7981658672287024,1.3377854276785344,TRUE
2017-04-30,0.630068475951959,1.2478156990216531,TRUE
2017-05-01,0.5277785422138892,1.178563449348813,TRUE
2017-05-02,0.6441212371884909,1.4225935987327256,TRUE
2017-05-03,0.5563867532961333,1.3968591873596479,TRUE
2017-05-04,0.4427690006160113,1.1862298520127406,TRUE
2017-05-05,4.723045108353725,39.25918273523316,FALSE
2017-05-06,2.2364351669070097,3.0775871927292036,FALSE
2017-05-07,0.8093770472675532,1.7080873717099538,TRUE
2017-05-08,0.5796952684919517,1.3339376887235956,TRUE
2017-05-09,0.46468588405058714,1.189740564572045,TRUE
2017-05-10,0.5356092944828867,1.549807916238201,TRUE
2017-05-11,0.5098716162189108,1.3076341556747972,TRUE
2017-05-12,0.48417617572325067,1.2781616684569432,TRUE
2017-05-13,0.5109315162439003,1.41109203858966,TRUE
2017-05-14,0.486902094182595,1.3359795859876267,TRUE
2017-05-15,0.3801842284266064,1.222958784418253,TRUE
2017-05-16,0.32693932513141627,1.129791261773971,TRUE
2017-05-17,0.310027209381891,1.078977518161456,TRUE
2017-05-18,0.2939365623292236,1.108353393693038,TRUE
2017-05-19,0.2898904075046491,1.2264139393520628,TRUE
2017-05-20,0.28952143438947986,1.1303488687103878,TRUE
2017-05-21,0.28124708411563215,1.090832324116074,TRUE
2017-05-22,0.345118316987813,1.9020929517723308,TRUE
2017-05-23,0.5114713930022696,2.6299456268056205,FALSE
2017-05-24,0.9916389438496848,2.2693955703954733,FALSE
2017-05-25,4.926728327097135,26.534299586284877,FALSE
2017-05-26,1.7497149590876884,4.166640431610175,FALSE
2017-05-27,0.6113519278937208,1.472219892756716,TRUE
2017-05-28,0.5040587717601996,1.2183709911180227,TRUE
2017-05-29,0.43922348149084756,1.2026563729396558,TRUE
2017-05-30,0.4059305685564732,1.117232305836667,TRUE
2017-05-31,0.3722387475397913,1.1723953789921555,TRUE
2017-06-01,0.32783021497019404,1.1979845984712476,TRUE
2017-06-02,0.3044983179963737,1.1283227326361622,TRUE
2017-06-03,0.2598854184003017,1.1807669941773582,TRUE
2017-06-04,0.23203291178262048,1.2350260863968596,TRUE
2017-06-05,0.4760345844926833,17.8643752530481,FALSE
2017-06-06,14.091870953121097,28.674212047139793,FALSE
2017-06-07,1.386302954392136,3.2710385109118403,FALSE
2017-06-08,0.6033834543354122,1.6048640780480825,TRUE
2017-06-09,0.4208977683094521,1.2555577235352133,TRUE
2017-06-10,0.3516748260622525,1.177932056691843,TRUE
2017-06-11,0.29997398018907107,1.2377853019093057,TRUE
2017-06-12,0.25620711345322567,1.1681565300838346,TRUE
2017-06-13,0.2331269563555946,1.1079812450724391,TRUE
2017-06-14,0.22321196263583315,1.0862837438111135,TRUE
2017-06-15,0.20462270202454064,1.2148058396538322,TRUE
2017-06-16,0.18203249997078003,1.4921982556780242,TRUE
2017-06-17,0.3995078278937209,2.8390603816379754,FALSE
2017-06-18,0.5946546716885014,2.665756596342658,FALSE
2017-06-19,0.3138788068685996,1.4795770046963037,TRUE
2017-06-20,76.7422570177374,1468.3249492804525,FALSE
2017-06-21,3.8442200401007756,3.98215916149193,FALSE
2017-06-22,1.1385226579918157,1.7508986575068208,TRUE
2017-06-23,0.7701062095203405,1.2977076700409427,TRUE
2017-06-24,0.6363745329514753,1.2385297417516683,TRUE
2017-06-25,0.7958276919447638,1.7853336034744585,TRUE
2017-06-26,0.5504718897915676,1.5264525682101715,TRUE
2017-06-27,0.4031138534235524,1.2593143522342478,TRUE
2017-06-28,0.32321601140548456,1.2389706737933988,TRUE
2017-06-29,0.27603822199799316,1.1623550698748926,TRUE
2017-06-30,0.27255506526061435,1.868334029472101,TRUE
2017-07-01,0.6014427571056786,1.9692762003334678,TRUE
2017-07-02,0.38441121551849017,1.5661497091527925,TRUE
2017-07-03,0.27604985781852004,1.3430842437754096,TRUE
2017-07-04,0.2153068522228778,1.249200463200801,TRUE
2017-07-05,0.1967171398530264,1.1286378114850564,TRUE
2017-07-06,0.206027643141451,1.2211403564345655,TRUE
2017-07-07,0.18288110280288444,1.1383928327088324,TRUE
2017-07-08,0.15802423359681855,1.5996919706716068,TRUE
2017-07-09,0.35779822811338724,1.955028139422005,TRUE
2017-07-10,0.22038537011006284,1.4469593481935907,TRUE
2017-07-11,0.16665567600189501,1.210820397448145,TRUE
2017-07-12,0.14500493815250268,1.2090046291677565,TRUE
2017-07-13,0.12255107078592734,1.2367760170582685,TRUE
2017-07-14,0.10570919060956348,1.1913818226123467,TRUE
2017-07-15,0.09245245162740108,1.1368432124851775,TRUE
2017-07-16,0.08102827255750288,1.193768582627543,TRUE
2017-07-17,0.1730015510310067,5.69614137128518,FALSE
2017-07-18,0.12938861880623917,1.754477923211497,TRUE
2017-07-19,0.0964381589212157,1.5237441264457312,TRUE
2017-07-20,0.09131507914928114,1.6208520814375122,TRUE
2017-07-21,0.07502181309711112,1.156792785339276,TRUE
2017-07-22,0.06218372893341284,1.2283235441164853,TRUE
2017-07-23,0.051481824225170496,1.3063807887283656,TRUE
2017-07-24,0.06631802309788035,2.8161062710199025,FALSE
2017-07-25,0.08420695786911453,2.0618978686756746,FALSE
2017-07-26,0.0490098735864958,1.4817945295068473,TRUE
2017-07-27,0.0470925285657479,1.1250008425631064,TRUE
2017-07-28,0.059493860126350204,1.4597095584162956,TRUE
2017-07-29,0.05929347261581795,1.1418489063909285,TRUE
2017-07-30,0.049127404332897445,1.5091317468084324,TRUE
2017-07-31,0.03797019150848203,1.3434760386597102,TRUE
2017-08-01,0.031205240211730764,1.3266065554978863,TRUE
2017-08-02,0.026478056522897704,1.2530704021869647,TRUE
2017-08-03,0.024482927191022633,1.1921782936790475,TRUE
2017-08-04,0.023077860857207817,1.1584601104540586,TRUE
2017-08-05,0.020717417528973756,1.0857609466719453,TRUE
2017-08-06,0.019054999182672363,1.0868513925517225,TRUE
2017-08-07,0.017570555916018523,1.1142473902287835,TRUE
2017-08-08,0.02707103097638608,2.3284469745894754,FALSE
2017-08-09,0.07613830787502418,3.7114192188363213,FALSE
2017-08-10,0.06434702027582455,2.0511683398985565,FALSE
2017-08-11,0.040411014491510196,1.3787302543128466,TRUE
2017-08-12,0.057620309328226454,2.492776575071045,FALSE
2017-08-13,0.1192444822980862,2.41003944933731,FALSE
2017-08-14,0.15636816459544622,2.0208200375975203,FALSE
2017-08-15,0.0830899626574243,1.5126294712687227,TRUE
2017-08-16,0.07054985445657967,1.1602005538830424,TRUE
2017-08-17,0.059806663344359294,1.3072224683878144,TRUE
2017-08-18,0.04515367530310976,1.240270293751369,TRUE
2017-08-19,0.038352788119506515,1.3807181088115206,TRUE
2017-08-20,0.029773726366916522,1.3084287125920357,TRUE
2017-08-21,0.024355989243789906,1.2421613416164774,TRUE
2017-08-22,0.020482580260197822,1.2597052801161155,TRUE
2017-08-23,0.018695044394864153,1.1537609911418893,TRUE
2017-08-24,0.01722323854401083,1.2014947012335495,TRUE
2017-08-25,0.015856132722572483,1.1234806223446745,TRUE
2017-08-26,0.015517065824738031,1.1131196267936483,TRUE
2017-08-27,0.014673037185189527,1.1513575853446203,TRUE
2017-08-28,0.014029496419609162,1.1615469513891676,TRUE
2017-08-29,0.014019062442680499,1.1549236845138364,TRUE
2017-08-30,0.015181137793730355,1.228391653634162,TRUE
2017-08-31,0.01776026429450549,1.1049684401424467,TRUE
2017-09-01,0.022381223612897842,5.552148749823914,FALSE
2017-09-02,0.600618908905342,15.737694971814447,FALSE
2017-09-03,0.22975239937684871,2.4260075551525575,FALSE
2017-09-04,0.11096622252982528,1.8469052299739532,TRUE
2017-09-05,0.06505895266798865,1.5600602689174214,TRUE
2017-09-06,0.0447202382233967,1.4715724114365982,TRUE
2017-09-07,0.04745653130225307,1.2877938522687464,TRUE
2017-09-08,0.05116818379095132,1.4435344261933025,TRUE
2017-09-09,0.04063114985228141,1.3887725058959286,TRUE
2017-09-10,0.03643470786589986,1.192958913498987,TRUE
2017-09-11,0.03408181678122389,1.377909788113416,TRUE
2017-09-12,0.03212235197071194,1.522623653402885,TRUE
2017-09-13,0.04420798667993641,1.3391219705429178,TRUE
2017-09-14,0.06295723889549772,1.9690931624491645,TRUE
2017-09-15,0.047372478707891,1.5490094310710028,TRUE
2017-09-16,0.03470005177104224,1.2743352741837866,TRUE
2017-09-17,0.02866075749280066,1.231720253178396,TRUE
2017-09-18,0.024092949279154834,1.2322209967353577,TRUE
2017-09-19,0.021632131762581882,1.1684524787667065,TRUE
2017-09-20,0.019219880006329293,1.1336923782074975,TRUE
2017-09-21,0.018069269912110917,1.1380055513318335,TRUE
2017-09-22,0.01752770294869397,1.0752239494736997,TRUE
2017-09-23,0.016716012718359877,1.1514375910197658,TRUE
2017-09-24,0.016423568178261745,1.1075408526121493,TRUE
2017-09-25,0.015564775824379979,1.1877754192434706,TRUE
2017-09-26,0.014581520935404907,1.1180760763126978,TRUE
2017-09-27,0.014280302109688787,1.100919268089425,TRUE
2017-09-28,0.013199597651381184,1.0978446073499948,TRUE
2017-09-29,0.012436955746660218,1.2843687974661488,TRUE
2017-09-30,0.010548317874511774,1.126924757450076,TRUE
2017-10-01,0.009922313680675515,1.144840807719326,TRUE
2017-10-02,0.009005561345676831,1.1677304330471627,TRUE
2017-10-03,0.008444720588068895,1.1430268283457197,TRUE
2017-10-04,0.00796266278304487,1.1164518086470059,TRUE
2017-10-05,0.0076108118793699765,1.1131912426716717,TRUE
2017-10-06,0.007431050447969811,1.1453174913049113,TRUE
2017-10-07,0.007384669119475021,1.120874745311304,TRUE
2017-10-08,0.007793847682630662,1.1426490608185271,TRUE
2017-10-09,0.008233881835129903,1.1682059865844976,TRUE
2017-10-10,0.009035563524201911,1.187566979360954,TRUE
2017-10-11,0.010019009635629695,1.3549259653268522,TRUE
2017-10-12,0.013326998281725101,1.4927737941994843,TRUE
2017-10-13,0.016937429337110125,1.1678250181138619,TRUE
2017-10-14,0.014080866285359523,1.238909451178963,TRUE
2017-10-15,0.012607331936181502,1.1267001645212609,TRUE
2017-10-16,0.014001056552411358,1.386912878815371,TRUE
2017-10-17,0.01584516106905137,1.0850950150349385,TRUE
2017-10-18,0.015440825095062937,1.126676645450734,TRUE
2017-10-19,0.014763310636884335,1.117984640894179,TRUE
2017-10-20,0.015365366664010534,1.1048720326100776,TRUE
2017-10-21,0.015479065150800072,1.1272510074662043,TRUE
2017-10-22,0.015133593141761185,1.1607715502074105,TRUE
2017-10-23,0.014234624740361567,1.407130847398204,TRUE
2017-10-24,0.15730094716532803,30.383480813542707,FALSE
2017-10-25,0.11968387823719034,2.7592495437255375,FALSE
2017-10-26,0.05082876912256001,1.8878933915439031,TRUE
2017-10-27,0.033188816977216186,1.4237547959773569,TRUE
2017-10-28,0.027331326259105018,1.2109343829788184,TRUE
2017-10-29,0.02909856767974523,1.4359811637301483,TRUE
2017-10-30,0.030259275595650444,1.2644332029527328,TRUE
2017-10-31,0.025904730229477244,1.2343783321592017,TRUE
2017-11-01,0.02240386948236879,1.1371061836067065,TRUE
2017-11-02,0.02190165933922696,1.1322455853409024,TRUE
2017-11-03,0.022348883961179646,1.137893422423173,TRUE
2017-11-04,0.026177887878319445,1.1506327650245654,TRUE
2017-11-05,0.026192919061518022,1.18965778463791,TRUE
2017-11-06,0.024978715231970233,1.124392417973994,TRUE
2017-11-07,0.02649625753777191,1.2136287165229835,TRUE
2017-11-08,0.028430197165764955,1.1221765832394917,TRUE
2017-11-09,0.0334460393878939,1.3565260600940177,TRUE
2017-11-10,0.036871691399251644,1.118163314609892,TRUE
2017-11-11,0.035292166749710294,1.2099444457991186,TRUE
2017-11-12,0.033732009244585845,1.121888755731677,TRUE
2017-11-13,0.05930639327706862,2.3549441418750776,FALSE
2017-11-14,0.13574661065840513,2.6887132930749518,FALSE
2017-11-15,0.08173343861473414,1.7873262877492015,TRUE
2017-11-16,0.05510149882384789,1.3753489432127162,TRUE
2017-11-17,0.0472508500525841,1.2604352657649582,TRUE
2017-11-18,0.040026017751520114,1.2132292503048965,TRUE
2017-11-19,0.04065605158086356,1.255533209089621,TRUE
2017-11-20,0.03942269274920035,1.159326696442764,TRUE
2017-11-21,0.037638197413958206,1.1554683905934129,TRUE
2017-11-22,0.037523322634741015,1.1676780727176337,TRUE
2017-11-23,0.03654019079048016,1.1517555540293494,TRUE
2017-11-24,0.035737723755419955,1.0868255026317253,TRUE
2017-11-25,0.0379242679630599,1.1308018552007497,TRUE
2017-11-26,0.04084249984088647,1.1270434162076604,TRUE
2017-11-27,0.038837490656506,1.121146883009618,TRUE
2017-11-28,0.03823480350067133,1.110235752177183,TRUE
2017-11-29,0.03786724286721511,1.0995152065884126,TRUE
2017-11-30,0.038579217489792185,1.1172241153285773,TRUE
2017-12-01,0.03963111104809432,1.0933694656357846,TRUE
2017-12-02,0.0405989303492828,1.1430955521748398,TRUE
2017-12-03,0.04166311974792939,1.0929708503360709,TRUE
2017-12-04,0.04215802275155453,1.1396634599131188,TRUE
2017-12-05,0.04143686867158336,1.1486272662773798,TRUE
2017-12-06,0.04901886213033926,1.371388354994443,TRUE
2017-12-07,0.05396370068034085,1.135891979295919,TRUE
2017-12-08,0.05684117293983329,1.377959923183294,TRUE
2017-12-09,0.34410836193970545,9.992445411014476,FALSE
2017-12-10,0.2964983034164418,1.7273837221836452,TRUE
2017-12-11,0.20303554031410803,1.7184699878777914,TRUE
2017-12-12,0.1344236784871584,1.5342528756200409,TRUE
2017-12-13,0.09730874632189734,1.3633838330870278,TRUE
2017-12-14,0.08548290723603118,1.0829007329046458,TRUE
2017-12-15,0.09335505477335161,1.2414054017070757,TRUE
2017-12-16,0.08083560355428755,1.1580922692240079,TRUE
2017-12-17,0.07732764486096615,1.1118348224955765,TRUE
2017-12-18,0.07149512978088392,1.230899783422242,TRUE
2017-12-19,0.07359611565624309,1.0930609779758467,TRUE
2017-12-20,0.08068038639390723,1.350477595554009,TRUE
2017-12-21,0.09356252908022886,1.1386135965989577,TRUE
2017-12-22,0.09389828295553372,1.1419317697005744,TRUE
2017-12-23,0.11159955262631326,1.1982649481099623,TRUE
2017-12-24,0.11674216881655276,1.1274075939516002,TRUE
2017-12-25,0.11624358113355887,1.1318742781963436,TRUE
2017-12-26,0.11772610812719471,1.091447020764853,TRUE
2017-12-27,0.11865202145105166,1.1278463668640717,TRUE
2017-12-28,0.12167442270308942,1.1314272977007944,TRUE
2017-12-29,0.12048082926494862,1.1296177025402474,TRUE
2017-12-30,0.12297616101587996,1.117038673622446,TRUE
2017-12-31,0.13193232493988094,1.1436329409013002,TRUE
2018-01-01,0.13098957216161683,1.075975098159796,TRUE
2018-01-02,0.1250834238948949,1.131475365718289,TRUE
2018-01-03,0.12399089114696163,1.0913515480965164,TRUE
2018-01-04,0.13130194723479477,1.094698159782315,TRUE
2018-01-05,0.13242825856271329,1.1068977280014891,TRUE
2018-01-06,0.12060114645284065,1.2905167330923872,TRUE
2018-01-07,0.09957602142998753,1.267717411826521,TRUE
2018-01-08,0.07333365869576924,1.2651479123972815,TRUE
2018-01-09,0.08473269494877868,1.38439964934073,TRUE
2018-01-10,0.10862911926125234,1.1729756639896998,TRUE
2018-01-11,0.11162671339473734,1.1457715977678082,TRUE
2018-01-12,0.12235511687376352,1.5010720826921309,TRUE
2018-01-13,0.23557027159045454,3.1598102169782756,FALSE
2018-01-14,0.3095088830261834,1.4367044608370962,TRUE
2018-01-15,0.22934472862078917,1.250386483556477,TRUE
2018-01-16,0.19774452505798482,1.2075909907962497,TRUE
2018-01-17,0.18807850637820142,1.201432655492469,TRUE
2018-01-18,0.20368073809523773,1.0859864997193431,TRUE
2018-01-19,0.19814230108593117,1.1481802705076478,TRUE
2018-01-20,0.20530670129979994,1.1681633449358406,TRUE
2018-01-21,0.24979699698678243,1.3647131898687601,TRUE
2018-01-22,0.3428164092525314,1.278869076754139,TRUE
2018-01-23,5.554504560511064,81.44593813875788,FALSE
2018-01-24,2.0363635864065976,5.330514202050824,FALSE
2018-01-25,0.5847335448469049,1.6035004765819019,TRUE
2018-01-26,0.41596817603009323,1.3133725600533466,TRUE
2018-01-27,0.33244207146721416,1.2453076094786117,TRUE
2018-01-28,0.31080502366739887,1.3787319558355313,TRUE
2018-01-29,5.963601627697657,31.743291483837286,FALSE
2018-01-30,3.26057471639628,3.815169184025234,FALSE
2018-01-31,0.9639979573603392,1.9709806712240219,TRUE
2018-02-01,0.6566906092689094,1.39493226751549,TRUE
2018-02-02,0.578767143709281,1.1791788962039274,TRUE
2018-02-03,0.5135135791176679,1.2825198552799535,TRUE
2018-02-04,0.5090027723573529,3.934101518543885,FALSE
2018-02-05,3.4894666592338064,3.4477727820469837,FALSE
2018-02-06,1.426140797405892,2.563103833149016,FALSE
2018-02-07,0.7609735051825591,1.3121407650986971,TRUE
2018-02-08,0.8103312628114628,1.2237792784725086,TRUE
2018-02-09,0.678397971921993,1.3839155186143746,TRUE
2018-02-10,0.5810693717309976,1.0932714305454003,TRUE
2018-02-11,0.7533127239100526,1.4138072034183566,TRUE
2018-02-12,0.7394160000194426,1.2251504163606997,TRUE
2018-02-13,0.6568228562688431,1.1842789426826261,TRUE
2018-02-14,0.6327598156961088,1.1792659859923744,TRUE
2018-02-15,0.6469795993489468,1.1251821381786777,TRUE
2018-02-16,0.6585128375455629,1.1255271920872545,TRUE
2018-02-17,0.6172668966453455,1.4144420082908735,TRUE
2018-02-18,0.5311393496559791,1.3888673051670635,TRUE
2018-02-19,0.5459602481690128,1.2942390485186746,TRUE
2018-02-20,0.6109185069945756,1.1804800207492345,TRUE
2018-02-21,0.5696439328727427,1.5267913716634511,TRUE
2018-02-22,0.5231192796333964,1.1410824135852284,TRUE
2018-02-23,0.5119112859655871,1.3869604206831907,TRUE
2018-02-24,0.43178408785979583,1.1650239282966695,TRUE
2018-02-25,0.42814369430731375,1.1877437214606772,TRUE
2018-02-26,0.4188639143312042,1.2043685217662063,TRUE
2018-02-27,0.4401671258128932,1.1798194697799347,TRUE
2018-02-28,0.41412946550575985,1.1895145705124555,TRUE
2018-03-01,0.4566905071395983,1.578973312275562,TRUE
2018-03-02,1.47732892340128,2.8538715220698925,FALSE
2018-03-03,1.1388242481779474,1.5595030759100597,TRUE
2018-03-04,0.8283774242065771,1.4541956172704609,TRUE
2018-03-05,0.6547590320266649,1.2077791022178819,TRUE
2018-03-06,0.6045292651650637,1.1847930020492339,TRUE
2018-03-07,0.8043200005992279,1.3870725002684532,TRUE
2018-03-08,1.110484475830651,1.366466634531057,TRUE
2018-03-09,1.1962010508724115,1.4784771538686494,TRUE
2018-03-10,0.8542160400697743,1.1995788760085127,TRUE
2018-03-11,0.7909565188980578,1.0898891093723826,TRUE
2018-03-12,1.0829724074461227,3.6697263256866686,FALSE
2018-03-13,3.7245186910485693,2.0326976321340395,FALSE
2018-03-14,1.7133701003449784,2.154404995655193,FALSE
2018-03-15,1.009853832141975,1.379209259256349,TRUE
2018-03-16,0.8281378318430872,1.2812773572640637,TRUE
2018-03-17,0.6769219663157742,1.2028305981603127,TRUE
2018-03-18,0.6440568359208184,1.1974064771596507,TRUE
2018-03-19,0.6412435427269992,1.1629994861031645,TRUE
2018-03-20,1.2492845752709543,3.4929184871033767,FALSE
2018-03-21,3.005485609895473,2.065379763757306,FALSE
2018-03-22,2.1926154287700323,1.9953434644741836,TRUE
2018-03-23,1.2443957066617626,1.449323184100712,TRUE
2018-03-24,0.9485599822123995,1.2487704789059018,TRUE
2018-03-25,10.618377354191114,29.648438587344046,FALSE
2018-03-26,3.6972120255938905,2.9066549639858517,FALSE
2018-03-27,1.9025926833383608,2.0910734674324765,FALSE
2018-03-28,1.0191824075974218,1.2674517322639824,TRUE
2018-03-29,0.8903785717024592,1.1369843559970787,TRUE
2018-03-30,0.822766907637409,1.1307738033551311,TRUE
2018-03-31,0.7743233837589469,1.3127077079947163,TRUE
2018-04-01,0.625414128864195,1.1492299740606926,TRUE
2018-04-02,0.5927503414888393,1.0734224901498226,TRUE
2018-04-03,0.5528813981370736,1.1612227821731893,TRUE
2018-04-04,0.5329964879309751,1.2008239920922683,TRUE
2018-04-05,0.512733968400118,1.206157684370339,TRUE
2018-04-06,0.4676175460454172,1.1304014664815423,TRUE
2018-04-07,0.6286437444866245,2.573574113413674,FALSE
2018-04-08,1.7578122116567672,1.7653480296202253,TRUE
2018-04-09,1.1023238475716983,1.5138006143634615,TRUE
2018-04-10,0.833041150525015,1.26040672510202,TRUE
2018-04-11,0.6841229293889601,1.2753901788692048,TRUE
2018-04-12,0.5760871917164356,1.1918680075478332,TRUE
2018-04-13,0.5080170420275851,1.2124865425883002,TRUE
2018-04-14,0.4571887818506713,1.0829025104652172,TRUE
2018-04-15,0.47868582066577736,1.7574300928352953,TRUE
2018-04-16,215.68841656043523,734.0186345486699,FALSE
2018-04-17,6.422923020474558,3.713140425784755,FALSE
2018-04-18,2.0515638545800545,2.857630903547563,FALSE
2018-04-19,1.1436061394571058,1.2825294472822564,TRUE
2018-04-20,0.8547622558654424,1.330250365348692,TRUE
2018-04-21,0.7097075488331961,1.1784483847853586,TRUE
2018-04-22,0.6258715844199683,1.1546985034713562,TRUE
2018-04-23,0.5665511429077079,1.1394616822886552,TRUE
2018-04-24,2.1196824227704867,9.679180056376046,FALSE
2018-04-25,3.010810459170761,2.7814909024787777,FALSE
2018-04-26,1.7383487723919284,1.6139804671057685,TRUE
2018-04-27,2.3032960519558774,2.6657030746705552,FALSE
2018-04-28,1.7404294252845673,2.0246398743842433,FALSE
2018-04-29,1.0248175652236649,1.4145606550542464,TRUE
2018-04-30,0.7492647001583527,1.396689890797133,TRUE
2018-05-01,0.6487811186579964,1.269194536837121,TRUE
2018-05-02,0.5726029054833492,1.2987347465231431,TRUE
2018-05-03,0.5071305497707707,1.271049520610851,TRUE
2018-05-04,0.4534643664399094,1.2762877209741161,TRUE
2018-05-05,0.4294524008509984,1.1996953944436413,TRUE
2018-05-06,0.3946496912650177,1.2853564575096457,TRUE
2018-05-07,0.3873156671532868,1.3421461918424162,TRUE
2018-05-08,0.34093150747862644,1.2214214868512634,TRUE
2018-05-09,0.30229427373335416,1.256536087549055,TRUE
2018-05-10,0.26811748316602957,1.2955417264795426,TRUE
2018-05-11,0.2619320687916931,1.346457409933835,TRUE
2018-05-12,0.23991163529769516,1.3414262600856879,TRUE
2018-05-13,0.22277289495529323,1.1503969386195598,TRUE
2018-05-14,0.21826285026604567,1.2943663971605885,TRUE
2018-05-15,0.21609904684536843,1.2395080912276821,TRUE
2018-05-16,0.21006453318907645,2.068455848600163,FALSE
2018-05-17,0.4662423010667123,1.781054247153065,TRUE
2018-05-18,1.1726337049143813,4.705680636624284,FALSE
2018-05-19,1.4941890396334132,2.656411227476317,FALSE
2018-05-20,1.5480833882769833,3.1444958629627395,FALSE
2018-05-21,1.0430571601640686,1.5247171610220183,TRUE
2018-05-22,1.239553302348136,2.377392646693971,FALSE
2018-05-23,0.6535888203311223,1.580217661319345,TRUE
2018-05-24,0.5006764167491331,1.185370185186349,TRUE
2018-05-25,0.40193043846398974,1.3316900795785198,TRUE
2018-05-26,0.33610091295069,1.457618120071936,TRUE
2018-05-27,0.44652766907064567,1.571714968997575,TRUE
2018-05-28,0.3251100960681078,1.2021742993444653,TRUE
2018-05-29,0.9255621668630766,6.585248985313727,FALSE
2018-05-30,0.7170142611316651,1.8750158536290074,TRUE
2018-05-31,0.7733816544797374,2.263562754217146,FALSE
2018-06-01,0.5983409344369646,1.5067303284273517,TRUE
2018-06-02,0.44594742162827006,1.4056926276821629,TRUE
2018-06-03,0.4041119972462595,1.4446217919099362,TRUE
2018-06-04,0.3204493780772144,1.256153502430696,TRUE
2018-06-05,0.26217410703722116,1.198584040810781,TRUE
2018-06-06,0.28625921294120343,1.3997553539123828,TRUE
2018-06-07,0.3313808133091076,1.1439452032131636,TRUE
2018-06-08,0.31644938483775975,1.1171142976031139,TRUE
2018-06-09,0.30295296122208265,1.1053470922214381,TRUE
2018-06-10,0.28707553193344243,1.080709462065754,TRUE
2018-06-11,2.4343162378851337,26.323906693502483,FALSE
2018-06-12,1.0849817677643327,2.8349794915019717,FALSE
2018-06-13,0.6788646271167819,2.1962800971157104,FALSE
2018-06-14,0.4050694199828475,1.3212299095550446,TRUE
2018-06-15,0.32834209994896996,1.2374750021588807,TRUE
2018-06-16,0.27219566554490926,1.1838998151026818,TRUE
2018-06-17,0.24208734995456171,1.1351019640602273,TRUE
2018-06-18,0.22205452739677206,1.1517139600755875,TRUE
2018-06-19,0.20360425163205548,1.0967558850911205,TRUE
2018-06-20,0.1982652407842798,1.074944627354025,TRUE
2018-06-21,0.1938819850067219,1.101788583751504,TRUE
2018-06-22,0.19211124366319934,1.1191368801383923,TRUE
2018-06-23,0.1748436661832731,1.1240002145113626,TRUE
2018-06-24,0.16746425854418412,1.120930880745802,TRUE
2018-06-25,0.15923893408262244,1.1986593038592774,TRUE
2018-06-26,1.9615132616822182,100.9691971984308,FALSE
2018-06-27,1.8530485453237822,8.832793433199681,FALSE
2018-06-28,0.5122569310968123,1.895761200565969,TRUE
2018-06-29,0.3188524430930056,1.390603029971789,TRUE
2018-06-30,0.2429467014046994,1.3066110829047854,TRUE
2018-07-01,0.19128288981315467,1.2674986669632162,TRUE
2018-07-02,0.1606539414153832,1.1736107230607016,TRUE
2018-07-03,0.14327442854324154,1.179521825480472,TRUE
2018-07-04,0.12831284289656197,3.2439884909941146,FALSE
2018-07-05,0.38912412127667956,1.814887541968374,TRUE
2018-07-06,3.3247643912004925,170.1534308191822,FALSE
2018-07-07,1.4854653866925527,27.70915689561041,FALSE
2018-07-08,0.3655774818916749,1.6397742200280565,TRUE
2018-07-09,0.24642150466939247,1.373473487557057,TRUE
2018-07-10,0.19066224588189012,1.2270538425434516,TRUE
2018-07-11,0.17903801972519318,1.1967249087243519,TRUE
2018-07-12,0.1668981392476984,1.1473295580228604,TRUE
2018-07-13,0.15235531860357568,1.1360146578567505,TRUE
2018-07-14,0.1365307925516792,1.1497494370649257,TRUE
2018-07-15,0.12110435747610723,1.1444167077992216,TRUE
2018-07-16,0.11182853387422807,1.1112339731994252,TRUE
2018-07-17,0.10939307384387051,1.3405599716064813,TRUE
2018-07-18,0.1610884020735547,2.0859240323950954,FALSE
2018-07-19,0.14909959904458633,1.770118380761523,TRUE
2018-07-20,0.0962947413814347,1.4076528377909956,TRUE
2018-07-21,0.08107666747825744,1.2142038999388955,TRUE
2018-07-22,0.10407738534557616,1.9175283993426857,TRUE
2018-07-23,0.3193211758967068,4.110061034349824,FALSE
2018-07-24,0.3470111365330566,1.7096684592710172,TRUE
2018-07-25,0.31997680801367223,1.2137064040288565,TRUE
2018-07-26,0.29454062742945597,1.0992791716295898,TRUE
2018-07-27,0.26407978079226574,1.1406598565446877,TRUE
2018-07-28,0.24444283719144447,1.1282673629226316,TRUE
2018-07-29,0.22691889404082302,1.4635835865497029,TRUE
2018-07-30,0.3096187586615039,2.0481368570163156,FALSE
2018-07-31,0.22921866532561194,1.2551912098604343,TRUE
2018-08-01,0.3385266964219846,2.022195908869958,FALSE
2018-08-02,0.6072499154406539,16.124348121133107,FALSE
2018-08-03,1.3431813090820035,2.622505009873747,FALSE
2018-08-04,1.32695053235892,3.369803799662892,FALSE
2018-08-05,0.5037992046828214,1.8871320644421041,TRUE
2018-08-06,0.31739638009500337,1.3873230984848013,TRUE
2018-08-07,0.259087107094552,1.200403551642045,TRUE
2018-08-08,0.2532316034370988,1.4649791915366144,TRUE
2018-08-09,1.5465722119892669,10.214983970751403,FALSE
2018-08-10,0.47228607918691756,1.9418914865970027,TRUE
2018-08-11,0.6595315534413299,6.469856372044071,FALSE
2018-08-12,0.503472132187867,2.1068873532973287,FALSE
2018-08-13,0.6452924361983592,3.6047122272348227,FALSE
2018-08-14,0.36461961204257654,1.54999552989088,TRUE
2018-08-15,0.271826030105956,1.2429500552534154,TRUE
2018-08-16,0.2547879629914559,1.1595845977056192,TRUE
2018-08-17,0.24635720857489662,1.097560373747503,TRUE
2018-08-18,0.2336289892848144,1.1650777671195043,TRUE
2018-08-19,0.30484077376612084,1.581857836704318,TRUE
2018-08-20,1.4023790978408845,13.818000187425602,FALSE
2018-08-21,0.7940129371630479,2.7345610531572873,FALSE
2018-08-22,0.4161269164198708,1.4383765622919822,TRUE
2018-08-23,0.31218667193473587,1.293354004721531,TRUE
2018-08-24,0.2565943976574042,1.1684862772687288,TRUE
2018-08-25,0.23395021913929587,1.1741884786718815,TRUE
2018-08-26,0.2067777825950967,1.1530069537448944,TRUE
2018-08-27,0.1975733698641594,1.2072209143086154,TRUE
2018-08-28,0.17174027322578433,1.1307154839013378,TRUE
2018-08-29,0.15948368748844333,1.084694440446284,TRUE
2018-08-30,0.14554442045555863,1.1712891919170663,TRUE
2018-08-31,0.2707095761984623,4.069321465350671,FALSE
2018-09-01,0.2420535519586051,1.7580652463970596,TRUE
2018-09-02,0.19060519926269506,1.1536599277910227,TRUE
2018-09-03,0.17517972612614233,1.2615266424923295,TRUE
2018-09-04,0.15043617164370418,1.1175704146648038,TRUE
2018-09-05,0.1344468305630165,1.1973575993077987,TRUE
2018-09-06,0.11203087649368688,1.2266713032514738,TRUE
2018-09-07,0.09969269955180683,1.1394574621285927,TRUE
2018-09-08,0.13421753852832605,2.6920196380465216,FALSE
2018-09-09,0.9333710988132048,12.657763477024446,FALSE
2018-09-10,0.5368842142444055,2.853622050570263,FALSE
2018-09-11,0.5085715061520397,2.45687161612504,FALSE
2018-09-19,1.6087263649277292,1.3174240654808937,TRUE
2018-09-20,1.112167941728217,1.543843450461778,TRUE
2018-09-21,0.798183456958115,1.337655408144399,TRUE
2018-09-22,0.6376718149230072,1.1985574433572794,TRUE
2018-09-23,0.5683990493227338,1.1204729974911076,TRUE
2018-09-24,0.5168654575140766,1.0951548529404243,TRUE
2018-09-25,0.49832824138550996,1.0853827735318233,TRUE
2018-09-26,0.47286446853543546,1.0729837144377874,TRUE
2018-09-27,0.5967867878024375,2.254716937085818,FALSE
2018-09-28,1.1984235786263737,2.1082629309766627,FALSE
2018-09-29,0.8029406125252958,1.6545373472093965,TRUE
2018-09-30,0.5944246694705358,1.2381441969399032,TRUE
2018-10-01,0.49888227328391643,1.1315887245607847,TRUE
2018-10-02,0.47054669565472607,1.286405200903466,TRUE
2018-10-03,0.437979446819501,1.0463809504245063,TRUE
2018-10-04,0.4518639686803757,1.0790424679381463,TRUE
2018-10-05,0.49191231626783954,1.1437065421889452,TRUE
2018-10-06,0.5221497106942085,1.1029747888353008,TRUE
2018-10-07,0.5196533081807566,1.1209314265592738,TRUE
2018-10-08,0.5392339042286489,1.046537204005944,TRUE
2018-10-09,0.5584434291482208,1.1837665404519622,TRUE
2018-10-10,0.6354295335485141,1.0686248225521213,TRUE
2018-10-11,42.34618299043002,585.568648634096,FALSE
2018-10-12,77.94293866958789,49.28876136171906,FALSE
2018-10-13,3.1087607419431733,4.8976968489177954,FALSE
2018-10-14,1.0003201352874205,1.5147211750483769,TRUE
2018-10-15,0.7727817003826162,1.1993009006277084,TRUE
2018-10-16,0.7046964200154553,1.169834637423295,TRUE
2018-10-17,0.6883186270962943,1.2227540604293368,TRUE
2018-10-18,0.7327447071359953,1.1756354692530768,TRUE
2018-10-19,0.7863267455781875,1.1976662742693822,TRUE
2018-10-20,0.9120714145624742,1.3184841518815194,TRUE
2018-10-21,1.3845493554282287,1.6319683943095484,TRUE
2018-10-22,1.9990776434703392,1.5507903517845125,TRUE
2018-10-23,2.49953106181895,1.2982415002024017,TRUE
2018-10-24,3.1158688094883673,1.2357793138157125,TRUE
2018-10-25,3.601645095965285,1.1701973612039658,TRUE
2018-10-26,5.009552789741962,4.434724372498962,FALSE
2018-10-27,39.00188664681366,27.97803378372182,FALSE
2018-10-28,2.827478551422814,2.2166675423935773,FALSE
2018-10-29,1.1582063112314338,2.1820386663922156,FALSE
2018-10-30,0.8267176208865799,1.2014003453893547,TRUE
2018-10-31,0.7170244396553973,1.2104079397529202,TRUE
2018-11-01,0.6358976355225856,1.1163063982081398,TRUE
2018-11-02,0.6952956465981216,1.339133985566118,TRUE
2018-11-03,0.7425423245455938,1.2318793477224956,TRUE
2018-11-04,0.7521708867645618,1.3936459879351735,TRUE
2018-11-05,28.845122955354444,158.8309615766745,FALSE
2018-11-06,7.021193629994301,5.258454514255791,FALSE
2018-11-07,2.6781901982676426,2.1597343876353077,FALSE
2018-11-08,1.2095685455140883,1.7264603638318354,TRUE
2018-11-09,0.9636289178152194,1.8041612221324614,TRUE
2018-11-10,1.717628126479406,1.6673625422235454,TRUE
2018-11-11,1.0269780604231742,1.4524791783551787,TRUE
2018-11-12,1.1180128734628432,16.928761656898843,FALSE
2018-11-13,1324.932163827978,185.18312248517876,FALSE
2018-11-14,16.370827049547916,6.050457985630732,FALSE
2018-11-15,38.91146441707131,45.390999212056606,FALSE
2018-11-16,26.703773963828542,28.150643818706637,FALSE
2018-11-17,3.5307136540602855,1.724892953578575,TRUE
2018-11-18,2.2487679241486402,1.3682418037974726,TRUE
2018-11-19,1.4803860147059933,1.5477997071950484,TRUE
2018-11-20,1.160688203689098,1.1942242560622973,TRUE
2018-11-21,0.9703962691509159,1.2138699610923347,TRUE
2018-11-22,0.8675622548429015,1.166903867987572,TRUE
2018-11-23,0.7789799862540189,1.1576527168937567,TRUE
2018-11-24,1.6935448918487372,8.04956661190361,FALSE
2018-11-25,3.1075096499523305,2.313514053188145,FALSE
2018-11-26,1.899810675784271,1.2715179326472665,TRUE
2018-11-27,1.3764591142099347,1.634992899822565,TRUE
2018-11-28,0.9689394683964031,1.2423651965554534,TRUE
2018-11-29,0.8184135308655385,1.211476158294419,TRUE
2018-11-30,0.746572376453362,1.1220676105186975,TRUE
2018-12-01,0.7244314902955309,1.1097481829659224,TRUE
2018-12-02,0.9723116794977456,1.56612899034063,TRUE
2018-12-03,1.0128110312878724,1.2924518080942942,TRUE
2018-12-04,0.8333662916998719,1.1781162677871628,TRUE
2018-12-05,0.7141541513004367,1.143744348445301,TRUE
2018-12-06,0.64468508406522,1.118549051978948,TRUE
2018-12-07,0.6038298909496607,1.094213476091729,TRUE
2018-12-08,0.5875200599297827,1.076871280503023,TRUE
2018-12-09,0.7837419837166086,3.7207487366430616,FALSE
2018-12-10,22.750430428750132,14.48543386820953,FALSE
2018-12-11,7.169930959290413,3.96404992974145,FALSE
2018-12-12,3.5390900985503295,1.4829120157132503,TRUE
2018-12-13,2.923050169483199,1.2222965016737786,TRUE
2018-12-14,10.279998432267854,42.804623044598955,FALSE
2018-12-15,141.18863179463676,5.8757795487408755,FALSE
2018-12-16,16.61621729133618,6.77445736049739,FALSE
2018-12-17,3.7298406870513423,2.3183152092787793,FALSE
2018-12-18,2.3746279034508073,1.367243135131369,TRUE
2018-12-19,1.6920223960341538,2.109987148182676,FALSE
2019-01-07,1.803469787793379,1.064307107735607,TRUE
2019-01-08,1.3902477807194882,1.453393840776982,TRUE
2019-01-09,1.194807156085664,1.167577790179708,TRUE
2019-01-10,1.039783506611951,1.1693801829378756,TRUE
2019-01-11,0.9191390026459213,1.1369406902131958,TRUE
2019-01-12,0.8560058702388268,1.1307054210666094,TRUE
2019-01-13,20.12221147392586,94.3662534905594,FALSE
2019-01-14,8.519231850299684,8.933913168429612,FALSE
2019-01-15,2.597504346225612,1.41451702726694,TRUE
2019-01-16,1.9688152438292836,1.3298869811429657,TRUE
2019-01-17,1.328708408189273,1.4945989920042992,TRUE
2019-01-18,1.1435110944486435,1.1146468700353829,TRUE
2019-01-19,1.0403265637447903,1.1594597888959106,TRUE
2019-01-20,3.100567326198065,6.567190955257626,FALSE
2019-01-21,2.3107020236651334,1.7653994957135202,TRUE
2019-01-22,1.5719808660078634,1.5565314589756036,TRUE
2019-01-23,1.1151965544722608,1.1478537210107802,TRUE
2019-01-24,9.446229648717482,27.828305020675717,FALSE
2019-01-25,5.815039329856533,5.517419412418266,FALSE
2019-01-26,2.342871471355568,1.340017094757118,TRUE
2019-01-27,1.8389112518552428,1.2774962085373522,TRUE
2019-01-28,1.328387982895935,1.3680380410222495,TRUE
2019-01-29,1.3170566176474463,1.1369845820506177,TRUE
2019-01-30,1.4284342162381356,1.1337315103958,TRUE
2019-01-31,1.2223257923254893,1.2382527335581521,TRUE
2019-02-01,1.092127555413319,1.0966351827863448,TRUE
2019-02-02,1.0581497799236588,1.1208979052669754,TRUE
2019-02-03,1.0160897698174842,1.0784746385792567,TRUE
2019-02-04,0.9940458921642945,1.0870059917565813,TRUE
2019-02-05,0.9633910390713037,1.0817159190245338,TRUE
2019-02-06,0.9197474971438802,1.110543105372534,TRUE
2019-02-07,0.8923442659863033,1.1075883878276573,TRUE
2019-02-08,0.8919573260971322,1.1463509459856758,TRUE
2019-02-09,0.8199811862772959,1.211258527336452,TRUE
2019-02-10,0.7608733696043953,1.0913122937465847,TRUE
2019-02-11,0.811574700997985,1.2266077172848213,TRUE
2019-02-12,0.9625046194596869,1.158564264810665,TRUE
2019-02-13,1.6149926926122982,1.854792510091284,TRUE
2019-02-14,1.215778743363877,1.5586437533014457,TRUE
2019-02-15,0.9837956178637534,1.1447242458763687,TRUE
2019-02-16,1.3740133324557786,3.2847498869786858,FALSE
2019-02-17,2.498834782416806,1.6266930324307105,TRUE
2019-02-18,44.93472144303489,71.50749440968002,FALSE
2019-02-19,5.853883728952267,4.226296874545169,FALSE
2019-02-20,4.283689013307845,2.6702256496187,FALSE
2019-02-21,19.34225181147945,7.251185324025621,FALSE
2019-02-22,27.44247920027432,4.3742997940922574,FALSE
2019-02-23,146.5136021888556,31.216232989346743,FALSE
2019-02-24,179.8642439291327,32.36297348144394,FALSE
2019-02-25,10.148758817139218,3.8525447493399008,FALSE
2019-02-26,3.984293465242541,1.9257855074186045,FALSE
2019-02-27,2.7536073198929687,1.1697231738522866,TRUE
2019-02-28,2.17035173037116,1.4066873408660983,TRUE
2019-03-01,1.7370619555627143,1.7298254348257336,TRUE
2019-03-02,10.400263822296466,7.471738150499536,FALSE
2019-03-03,3.578534980587885,1.668591071135052,TRUE
2019-03-04,28.047601529204552,27.546374804687538,FALSE
2019-03-05,4.500229421122239,2.410624126904464,FALSE
2019-03-06,2.7317756183591873,1.7223226029933387,TRUE
2019-03-07,1.6557984470271403,1.2727678429171536,TRUE
2019-03-08,1.4369238351493192,1.1501071710219812,TRUE
2019-03-09,1.395288660075426,1.1315490561581873,TRUE
2019-03-10,1.2917663026625257,1.11940893227692,TRUE
2019-03-11,1.2063046697552655,1.161416954826656,TRUE
2019-03-12,1.0817972630659294,1.1402229721843749,TRUE
2019-03-13,0.9772298152194845,1.1371731811909085,TRUE
2019-03-14,0.9559231317021605,1.0732572898237247,TRUE
2019-03-15,0.9914570774434981,1.4666062688204924,TRUE
2019-03-16,1.2387158043956412,1.6426322585962163,TRUE
2019-03-17,0.9488369194603691,1.1573542115874769,TRUE
2019-03-18,0.8957936516929984,1.0934351522850978,TRUE
2019-03-19,0.8310238885201222,1.1162921810329856,TRUE
2019-03-20,0.7955100653103852,1.1190259683105823,TRUE
2019-03-21,8.825832616325258,30.420292181163386,FALSE
2019-03-22,6.019940490463247,5.082290573071931,FALSE
2019-03-23,2.3713432555364475,1.6238623672833257,TRUE
2019-03-24,1.3555764501374878,1.7130220563326022,TRUE
2019-03-25,1.0825819586895242,1.12230665627342,TRUE
2019-03-26,1.3277341340162312,1.3840595194841014,TRUE
2019-03-27,1.130223738105749,1.3248371706395108,TRUE
2019-03-28,0.9666076680455764,1.112170741809465,TRUE
2019-03-29,0.9166607503734963,1.0992643420940011,TRUE
2019-03-30,0.880670298703639,1.1197510846150336,TRUE
2019-03-31,0.8462578382221058,1.089351998455971,TRUE
2019-04-01,0.7995450294495752,1.1949284795441149,TRUE
2019-04-02,0.7694441131703496,1.1471657571645777,TRUE
2019-04-03,0.8718492896811992,1.154271116858125,TRUE
2019-04-04,0.7765751421461768,1.1468744473860062,TRUE
2019-04-05,0.851599043040857,2.636219320820753,FALSE
2019-04-06,2.297729641815588,1.4740893599787146,TRUE
2019-04-07,1.3529731299303793,1.5989359545827269,TRUE
2019-04-08,1.0760872182301018,1.5653512796130336,TRUE
2019-04-09,24.655928210785937,24.755747193030864,FALSE
2019-04-10,5.196995952483432,3.3105047784168415,FALSE
2019-04-11,2.2950595575219332,1.946525279609815,TRUE
2019-04-12,8.895170761057262,342.516419944663,FALSE
2019-04-13,908.9448187175046,48.78690861568082,FALSE
2019-04-14,164.3937334011189,179.82924290998898,FALSE
2019-04-15,7.21756839711497,2.3213165181829907,FALSE
2019-04-16,2.937466955913459,1.8345999527000734,TRUE
2019-04-17,2.2306142094562755,1.3971376483504396,TRUE
2019-04-18,1.5739844630709516,1.277295188712417,TRUE
2019-04-19,1.5130833831975536,1.6165058252672175,TRUE
2019-04-20,4.355122050379056,4.653653590733908,FALSE
2019-04-21,2.1783407899828573,1.3541403537853696,TRUE
2019-04-22,1.7886151949111595,1.2457603841874458,TRUE
2019-04-23,1.3066553815610749,1.3653056768667053,TRUE
2019-04-24,1.072610814004157,1.1818477731988202,TRUE
2019-04-25,0.9565001257781934,1.1306531164402798,TRUE
2019-04-26,0.9065475625269336,1.2036389434096681,TRUE
2019-04-27,1.027244100804176,1.221473500062297,TRUE
2019-04-28,0.8687537824731139,1.196418281042299,TRUE
2019-04-29,0.7988687888569876,1.1666786146350654,TRUE
2019-04-30,0.722655172926821,1.0868645571699347,TRUE
2019-05-01,0.6944789959621342,1.094334648442037,TRUE
2019-05-02,0.6489891834448089,1.0997306751407427,TRUE
2019-05-03,0.6171867274963924,1.0762889831138704,TRUE
2019-05-04,0.5935693970913506,1.0613178514268218,TRUE
2019-05-05,0.6581432707261174,1.419111747488028,TRUE
2019-05-06,0.8100855700144106,1.355421186302467,TRUE
2019-05-07,0.6255776993254635,1.2521311107364854,TRUE
2019-05-08,0.5348656834794185,1.1467646805927045,TRUE
2019-05-09,0.4676694194760569,1.1097336931855395,TRUE
2019-05-10,0.43648300982636773,1.0815478548216362,TRUE
2019-05-11,0.42648622685406246,1.0878896201973884,TRUE
2019-05-12,0.4486549392815687,1.122986688307221,TRUE
2019-05-13,0.520097615118478,1.658300306473603,TRUE
2019-05-14,0.5517206445273383,1.692269252722975,TRUE
2019-05-15,0.40367681579792314,1.1910183303856137,TRUE
2019-05-16,0.38061280628451144,1.0965922632435272,TRUE
2019-05-17,0.37101195401232945,1.163618204558526,TRUE
2019-05-18,0.3681631504578843,1.0891212105936487,TRUE
2019-05-19,0.362091151908973,1.0819191940485924,TRUE
2019-05-20,0.3651751033828643,1.1372365779961555,TRUE
2019-05-21,0.4085435118317706,1.1484050579089007,TRUE
2019-05-22,0.41646332757619414,1.2137541033161008,TRUE
2019-05-23,0.4124635200044319,1.2356661985792936,TRUE
2019-05-24,0.4495109021236206,1.113970447116134,TRUE
2019-05-25,0.44447641289815293,1.1690377530577585,TRUE
2019-05-26,0.47314386550357235,1.2875248735556575,TRUE
2019-05-27,0.4705822799050743,1.271309174176298,TRUE
2019-05-28,0.4024275551813136,1.176530620112134,TRUE
2019-05-29,0.396636018674148,1.21416324397659,TRUE
2019-05-30,0.4009055632764566,1.348148289424948,TRUE
2019-05-31,0.4336237684726103,1.3629530753384431,TRUE
2019-06-01,0.5596080952910463,1.2372426630078928,TRUE
2019-06-02,0.5170242059527599,1.2392563219041242,TRUE
2019-06-03,0.46681009238952836,1.4290173320528639,TRUE
2019-06-04,0.40409764980450497,1.4114781532525307,TRUE
2019-06-05,0.33132709823413276,1.2828656079429328,TRUE
2019-06-06,0.33372030571061617,1.2800293428436553,TRUE
2019-06-07,0.4217984382618599,3.2322243821378778,FALSE
2019-06-08,5.525565291455686,50.087606756365226,FALSE
2019-06-09,2.8624172252993847,6.849535796965498,FALSE
2019-06-10,0.8787759831782987,1.8355030692591907,TRUE
2019-06-11,0.5217803516976505,1.504296114565251,TRUE
2019-06-12,0.3465038459853974,1.3424518867566613,TRUE
2019-06-13,0.5269025823730418,2.421488855320221,FALSE
2019-06-14,0.434790694134568,1.5260099723487217,TRUE
2019-06-15,0.3059053099207323,1.325297463143587,TRUE
2019-06-16,0.2579024990080827,1.1667602306782412,TRUE
2019-06-17,0.25330865806625424,1.1608081113113327,TRUE
2019-06-18,0.26785331831560966,1.1367533130398508,TRUE
2019-06-19,1.4707706453023688,10.801212393711182,FALSE
2019-06-20,0.9444081890076034,3.271518731769347,FALSE
2019-06-21,0.5384195616071898,1.2321121828947728,TRUE
2019-06-22,0.45291464024032674,1.3652418371873818,TRUE
2019-06-23,0.3581224228103609,1.3553915617883394,TRUE
2019-06-24,0.29001159092443896,1.2666190050863355,TRUE
2019-06-25,0.2744812466785747,1.285391509801687,TRUE
2019-06-26,0.24687669960632902,1.134826405689016,TRUE
2019-06-27,0.21895017931148422,1.2839775791418415,TRUE
2019-06-28,0.2843956340738661,1.7390417025989358,TRUE
2019-06-29,0.5911236817716193,4.39219949396078,FALSE
2019-06-30,0.2461033536292779,1.5644164933106397,TRUE
2019-07-01,0.18907806857497886,1.2307333645241543,TRUE
2019-07-02,0.15322971494033832,1.2040991005663617,TRUE
2019-07-03,0.13559900803839336,1.113238119858091,TRUE
2019-07-04,0.11943626632436993,1.1437953249150357,TRUE
2019-07-05,0.12146897593553602,1.4099665499186373,TRUE
2019-07-06,0.1585465676541429,1.7069250423237152,TRUE
2019-07-07,0.18736537259588174,1.3487446627294366,TRUE
2019-07-08,0.21112388283643296,1.221788426887819,TRUE
2019-07-09,0.21178074598037547,1.1114693777580662,TRUE
2019-07-10,0.2029994933821222,1.1523451770344442,TRUE
2019-07-11,0.1892905087238328,1.0886674457408283,TRUE
2019-07-12,0.1936288463911367,1.1380353834706045,TRUE
2019-07-13,0.2025867422554344,1.1470391933523978,TRUE
2019-07-14,0.1985532794777162,1.0916126701165074,TRUE
2019-07-15,0.18752514399910009,1.1222058916119824,TRUE
2019-07-16,0.17504318715051692,1.1340090319784366,TRUE
2019-07-17,0.16501803464584908,1.1088084110285195,TRUE
2019-07-18,0.18629903535833156,1.2081209325121884,TRUE
2019-07-19,0.1770195443588046,1.1792612819143222,TRUE
2019-07-20,0.16801483903646208,1.1110117386763518,TRUE
2019-07-21,0.16663773394327547,1.0845184842193443,TRUE
2019-07-22,0.25369142552875645,1.8030455581404345,TRUE
2019-07-23,0.7076501564223246,10.11672495924078,FALSE
2019-07-24,0.9960051368666568,7.156134825398541,FALSE
2019-07-25,0.3065049770738049,1.6444583371718005,TRUE
2019-07-26,0.22416751829819356,1.2609531432225825,TRUE
2019-07-27,0.19127570644144315,1.1924028573121075,TRUE
2019-07-28,0.16555967225560897,1.1445564953793432,TRUE
2019-07-29,0.14934148912544193,1.0879506696453904,TRUE
2019-07-30,0.1401567227384739,1.076447258298396,TRUE
2019-07-31,0.13218942318458748,1.0960426242204528,TRUE
2019-08-01,0.12555496249468087,1.1836477673317058,TRUE
2019-08-02,0.1448279465450916,1.323707166202092,TRUE
2019-08-03,0.14441230144660927,1.1794205102694368,TRUE
2019-08-04,0.14517452390907135,1.4095060460778857,TRUE
2019-08-05,0.20644563484602335,2.5113238000091993,FALSE
2019-08-06,0.31104102545026957,1.7542994874386688,TRUE
2019-08-07,0.5258588183595341,2.3348080563042415,FALSE
2019-08-08,0.334663171820128,1.5040722306463077,TRUE
2019-08-09,0.22715523245330688,1.4236514783883618,TRUE
2019-08-10,0.1691906042370388,1.272290711619934,TRUE
2019-08-11,0.14032991248640983,1.1613762013534903,TRUE
2019-08-12,0.12375631034882038,1.163613675760514,TRUE
2019-08-13,0.1201541993742242,1.5403353398639832,TRUE
2019-08-14,0.3736249236422835,3.663450658890266,FALSE
2019-08-15,0.33141726816430145,1.716287367761553,TRUE
2019-08-16,0.3709203339819534,2.1321470644869267,FALSE
2019-08-17,0.2899300893215751,1.3960584289071205,TRUE
2019-08-18,0.370254654227551,2.093467252413154,FALSE
2019-08-19,0.18953410621390826,1.612167466722991,TRUE
2019-08-20,0.1493229426758458,1.18755779533305,TRUE
2019-08-21,0.14338723430270028,1.1287396633915883,TRUE
2019-08-22,0.1496763779547967,1.3833010417087215,TRUE
2019-08-23,0.15951017178255134,1.2606055387706774,TRUE
2019-08-24,0.2767640798988111,3.3314985880448353,FALSE
2019-08-25,0.37034662352968506,1.8166934026683526,TRUE
2019-08-26,0.22122800698000314,1.3960702626035197,TRUE
2019-08-27,0.1731938025205808,1.1978733864703832,TRUE
2019-08-28,0.15239081967889345,1.14419741193033,TRUE
2019-08-29,0.14332800497631643,1.106514125188515,TRUE
2019-08-30,0.12904952480071136,1.1705319709799253,TRUE
2019-08-31,0.1194703838289228,1.1562952707763285,TRUE
2019-09-01,0.11936720272476123,1.0845282731458705,TRUE
2019-09-02,0.11232257321981269,1.0946972515640603,TRUE
2019-09-03,0.10679078199158841,1.0842588751954885,TRUE
2019-09-04,0.10311088175873771,1.125407229510004,TRUE
2019-09-05,0.10506258160258179,1.153748180635921,TRUE
2019-09-06,0.12701709967392044,1.4261957986740799,TRUE
2019-09-07,0.10300108498314423,1.2389202365539338,TRUE
2019-09-08,0.09255924574869022,1.1747537275722428,TRUE
2019-09-09,0.09008630510164527,1.1110188280531146,TRUE
2019-09-10,0.09016763772456049,1.1141362209436076,TRUE
2019-09-11,0.08541745733789291,1.149863781553977,TRUE
2019-09-12,0.08275878306822164,1.1020167134073668,TRUE
2019-09-13,0.08227390987049896,1.1054695695338652,TRUE
2019-09-14,0.07879383212279684,1.1470445063206598,TRUE
2019-09-15,0.07835104476383291,1.079835252902891,TRUE
2019-09-16,0.0773500188436926,1.0836177819946924,TRUE
2019-09-17,0.07636945691994974,1.134248447433881,TRUE
2019-09-18,0.07312782172063192,1.1692633323694468,TRUE
2019-09-19,0.06732985633912743,1.1754413176074563,TRUE
2019-09-20,0.06287228264409324,1.1397086718128469,TRUE
2019-09-21,0.059323949102420975,1.1202929622983147,TRUE
2019-09-22,0.057319003379144265,1.144642179526402,TRUE
2019-09-23,0.054988254499786206,1.07691896406088,TRUE
2019-09-24,0.056880140328572346,1.077451478970501,TRUE
2019-09-25,0.055182795855598765,1.1863999044176874,TRUE
2019-09-26,0.0514062317626331,1.1304543189136083,TRUE
2019-09-27,0.04905840959602419,1.2167735924749794,TRUE
2019-09-28,0.04642107281874173,1.111436640862101,TRUE
2019-09-29,0.045547883966370994,1.1123496407512115,TRUE
2019-09-30,0.04334462792710468,1.120959832124695,TRUE
2019-10-01,0.040943299399730064,1.106518427065421,TRUE
2019-10-02,0.0395988767421702,1.0800635994689938,TRUE
2019-10-03,0.03865348444411565,1.0945398133815405,TRUE
2019-10-04,0.03454042175548772,1.2402107027171196,TRUE
2019-10-05,0.03101013119495859,1.1374275840352794,TRUE
2019-10-06,0.02908761605250954,1.1253485326527115,TRUE
2019-10-07,0.02862749926710888,1.075883114763414,TRUE
2019-10-08,0.02868499425600356,1.1128682264442618,TRUE
2019-10-09,0.02693640354985354,1.1175708416018655,TRUE
2019-10-10,0.02680665955706901,1.1100966358431286,TRUE
2019-10-11,0.02584688391334174,1.1334740935670988,TRUE
2019-10-12,0.02510467943500468,1.108518009646454,TRUE
2019-10-13,0.02593796297603221,1.2917286557385728,TRUE
2019-10-14,0.03563440218400048,1.8577537788937972,TRUE
2019-10-15,0.06143345451304819,1.2778200453688489,TRUE
2019-10-16,0.06910405246959736,1.385808427402851,TRUE
2019-10-17,0.08280395363889992,1.1340865343287267,TRUE
2019-10-18,0.07531810425245809,1.202409628373198,TRUE
2019-10-19,0.06625509500636151,1.144478821976772,TRUE
2019-10-20,0.4837365942259695,28.566956989579595,FALSE
2019-10-21,0.4358089406321044,2.1743973289378364,FALSE
2019-10-22,0.2855979175352098,1.3476905161061807,TRUE
2019-10-23,0.2551976997727997,1.2845948619649838,TRUE
2019-10-24,0.2654822608879328,1.3249049819294767,TRUE
2019-10-25,0.2097866970278069,1.2342768673586537,TRUE
2019-10-26,0.18484600399531148,1.2153928133948775,TRUE
2019-10-27,0.16479843728055404,1.087406266771287,TRUE
2019-10-28,0.17747925287933475,1.134671460418539,TRUE
2019-10-29,0.17729269528952563,1.120162067067234,TRUE
2019-10-30,0.18321833107010782,1.274293853297534,TRUE
2019-10-31,0.23011666005303844,1.1416068149062162,TRUE
2019-11-01,0.4717527209945677,3.5903249034769105,FALSE
2019-11-02,0.5474505015395447,1.41284845301658,TRUE
2019-11-03,0.4690239146998595,1.0814898283994583,TRUE
2019-11-04,0.4185496203916044,1.236009558024302,TRUE
2019-11-05,0.3728569514527617,1.161957452641176,TRUE
2019-11-06,0.34772390108792356,1.1455429986485133,TRUE
2019-11-07,0.32523875028211396,1.1292352566755244,TRUE
2019-11-08,0.34794968663032255,1.2113278054705607,TRUE
2019-11-09,0.3475590794523218,1.139025618230776,TRUE
2019-11-10,0.33141696263790943,1.0877752709538755,TRUE
2019-11-11,0.3398141291755815,1.1335725817690991,TRUE
2019-11-12,0.4376785374229723,1.6457430125392478,TRUE
2019-11-13,0.861921106277958,2.0895637263952325,FALSE
2019-11-14,0.6589684238438657,1.3099626815805943,TRUE
2019-11-15,1.1237467727503738,2.7432199137735402,FALSE
2019-11-16,0.9508991754659951,1.4317448794027268,TRUE
2019-11-17,0.67513293795393,1.2959979474106353,TRUE
2019-11-18,0.6706282693154877,1.1437704966584177,TRUE
2019-11-19,0.7521176094527731,1.129306119381121,TRUE
2019-11-20,0.8524031099450704,1.2280927549427583,TRUE
2019-11-21,0.7466568038509863,1.1011482400935786,TRUE
2019-11-22,0.7345817845168564,1.1335783732658689,TRUE
2019-11-23,0.7464796048874499,1.2763907955001503,TRUE
2019-11-24,1.6615093202104914,2.745527103085428,FALSE
2019-11-25,1.6916614809029207,1.300650517131459,TRUE
2019-11-26,1.6091890663671136,1.2899769503110194,TRUE
2019-11-27,1.6280161816002856,1.1197699066851856,TRUE
2019-11-28,1.713594975973847,1.1536581368734282,TRUE
2019-11-29,1.61829075699232,1.3188313369900329,TRUE
2019-11-30,1.5153536312635758,1.179271330205826,TRUE
2019-12-01,2.3481221853137715,2.7629392322761888,FALSE
2019-12-02,2.885659265926604,2.4836457385238297,FALSE
2019-12-03,1.467666702978082,1.565644498048629,TRUE
2019-12-04,1.2390689450229655,1.0781348488602966,TRUE
2019-12-05,1.3034881766439745,1.1654055891952253,TRUE
2019-12-06,1.0934626449968594,1.1973637236803614,TRUE
2019-12-07,1.0566634272823066,1.2094833333131338,TRUE
2019-12-08,0.9222115149051324,1.1527851313516615,TRUE
2019-12-09,0.8639893430488086,1.128623441553515,TRUE
2019-12-10,0.8514328774434914,1.1892219940318483,TRUE
2019-12-11,1.1140819999232543,1.5017369251102752,TRUE
2019-12-12,1.601800598128537,1.3699384297532444,TRUE
2019-12-13,1.6389604689980732,1.5031955095813432,TRUE
2019-12-14,3.244348666256713,3.8653835773088328,FALSE
2019-12-15,0.7719188832497829,2.986375928385346,FALSE
2019-12-16,0.373332363713436,1.607836108536151,TRUE
2019-12-17,0.3072366901883188,1.370882251994169,TRUE
2019-12-18,0.6416158152232178,2.168243829725807,FALSE
2019-12-19,0.4243554021908918,1.879449568793596,TRUE
2019-12-20,0.2980265692920702,1.2626891874391217,TRUE
2019-12-21,0.45754674705142595,2.0982507347355672,FALSE
2019-12-22,0.595556727680423,1.166261271988349,TRUE
2019-12-23,0.674097245514838,1.2701334420015276,TRUE
2019-12-24,0.9152035873452515,1.4186836085625194,TRUE
2019-12-25,1.0047631947223448,1.1225343974465947,TRUE
2019-12-26,1.0190520835248966,1.079820987086437,TRUE
2019-12-27,1.0676964186391225,1.100226695627723,TRUE
2019-12-28,1.1258653944520238,1.1166922852633998,TRUE
2019-12-29,1.2153077953184857,1.1430710456458675,TRUE
2019-12-30,1.4681210988081002,1.315064731224631,TRUE
2019-12-31,1.757699793041408,1.1031904304077336,TRUE
2020-01-01,1.839138704028392,1.0827773299219385,TRUE
2020-01-02,1.8784882068994788,1.0840062825234613,TRUE
2020-01-03,2.0602189456760187,1.4956112902471232,TRUE
2020-01-04,5.735814323792403,3.381149165576681,FALSE
2020-01-05,1.8850813669142343,4.492392978273493,FALSE
2020-01-06,0.5772732240408716,1.605268740844371,TRUE
2020-01-07,0.41439346813246875,1.2705511228345745,TRUE
2020-01-08,0.358963790633553,1.1807269848205844,TRUE
2020-01-09,0.3277121154463027,1.1989536129449436,TRUE
2020-01-10,0.29211893286593205,1.1079510567689408,TRUE
2020-01-11,0.37890779942431346,1.6872202676071313,TRUE
2020-01-12,0.8083607563109262,2.4644119102200053,FALSE
2020-01-13,1.0569341526158922,1.3171332579417891,TRUE
2020-01-14,1.8086376394858168,3.723118979479262,FALSE
2020-01-15,2.4386246871048143,2.37548201332694,FALSE
2020-01-16,1.0955445056993964,1.6240698131591274,TRUE
2020-01-17,0.7123687159303603,1.4779010017891339,TRUE
2020-01-18,0.6127261008155495,1.223960728631277,TRUE
2020-01-19,0.8989004141909368,1.8738296560379957,TRUE
2020-01-20,1.2227069215826571,1.2208524625494914,TRUE
2020-01-21,1.171529585141466,1.1203211512433753,TRUE
2020-01-22,1.085650585484225,1.1266709053945632,TRUE
2020-01-23,1.0776079035528343,1.0843398828508153,TRUE
2020-01-24,1.125822051945879,1.118207539042812,TRUE
2020-01-25,31.70336048701715,111.48426132666141,FALSE
2020-01-26,2.285091103805528,3.7189012152386143,FALSE
2020-01-27,1.0846534092908844,2.034303848931565,FALSE
2020-01-28,0.6630238822489755,1.2069486381767869,TRUE
2020-01-29,0.5432056244291323,1.28720814364811,TRUE
2020-01-30,0.46974725805485623,1.2267199783966005,TRUE
2020-01-31,0.41905566931725236,1.1504136050907323,TRUE
2020-02-01,1.1524941582181534,3.9059412624288417,FALSE
2020-02-02,0.9738883587431769,1.8479884788692222,TRUE
2020-02-03,0.6422871965045663,1.3378659198619822,TRUE
2020-02-04,0.5155007993290788,1.2138881933422707,TRUE
2020-02-05,0.46342275328204297,1.1326065506489715,TRUE
2020-02-06,72.67107064894802,1372.1713357817005,FALSE
2020-02-07,338.22225761269823,70.2182352766094,FALSE
2020-02-08,4.84106461611327,6.611621397300217,FALSE
2020-02-09,1.2720061114944765,2.292715588719602,FALSE
2020-02-10,0.6668541022746252,1.3358426350970618,TRUE
2020-02-11,1.3200264162730913,8.448227266630118,FALSE
2020-02-12,2.311702516928042,2.620929605399748,FALSE
2020-02-13,1.4733250492345662,3.4139617789442975,FALSE
2020-02-14,1.9278613081727407,2.9587149986054606,FALSE
2020-02-15,0.8244381863122331,2.288666841805233,FALSE
2020-02-16,0.443038669968439,1.2937294032846824,TRUE
2020-02-17,0.38115535010495677,1.1736158687792013,TRUE
2020-02-18,0.3257557663937676,1.1701127097962882,TRUE
2020-02-19,0.3356271621124567,1.2532326358800896,TRUE
2020-02-20,0.34389943879078655,1.1846713449844948,TRUE
2020-02-21,0.3689342365341236,1.217917288848612,TRUE
2020-02-22,0.38744019529990575,1.1460188116100498,TRUE
2020-02-23,0.3517749362572415,1.1458149997749911,TRUE
2020-02-24,0.3143220084641714,1.1678554816189224,TRUE
2020-02-25,0.5661315403775387,3.1631751060229636,FALSE
2020-02-26,0.6992051813711094,1.896503101119081,TRUE
2020-02-27,0.4592092107413868,1.2560952018010783,TRUE
2020-02-28,0.3851015338884787,1.2129966193282402,TRUE
2020-02-29,0.34604692299698836,1.1285725993911944,TRUE
2020-03-01,0.3027686073456262,1.2026214417916459,TRUE
2020-03-02,0.2803015686046362,1.1095962674206317,TRUE
2020-03-03,0.2743989930709553,1.259327358296626,TRUE
2020-03-04,0.3265753989819878,1.2311543760624657,TRUE
2020-03-05,0.28602207365868726,1.225059779973074,TRUE
2020-03-06,0.2659573974606053,1.1559412905162723,TRUE
2020-03-07,0.25724299805358825,1.1718327372968065,TRUE
2020-03-08,0.2270905366332789,1.1383832987619191,TRUE
2020-03-09,0.21749400854444745,1.0996803532394528,TRUE
2020-03-10,0.21807498176408013,1.066659840146882,TRUE
2020-03-11,0.22260565861042228,1.070300499633313,TRUE
2020-03-12,0.2253200995801,1.0938619727144516,TRUE
2020-03-13,0.22091285270811828,1.0992735684549673,TRUE
2020-03-14,0.21934641141604108,1.1876447540826547,TRUE
2020-03-15,0.2038818905365066,1.138812758967926,TRUE
2020-03-16,0.20927897084740352,1.2696947179790794,TRUE
2020-03-17,0.19270677825518642,1.1923282990575157,TRUE
2020-03-18,0.1945560919821211,1.091965985063605,TRUE
2020-03-19,0.18854166997860605,1.1159914438029341,TRUE
2020-03-20,0.1880552243403938,1.0695334524903168,TRUE
2020-03-21,0.18699007367058793,1.121710874120066,TRUE
2020-03-22,0.18548634515797124,1.1435489137926687,TRUE
2020-03-23,0.19685183812328833,1.2830730380327378,TRUE
2020-03-24,0.2385131156630606,1.288934585494465,TRUE
